This is pdfTeX, Version 3.141592653-2.6-1.40.28 (TeX Live 2025) (preloaded format=pdflatex 2025.9.4)  20 JUN 2026 21:05
entering extended mode
 restricted \write18 enabled.
 %&-line parsing enabled.
**0_main.tex
(./0_main.tex
LaTeX2e <2025-06-01> patch level 1
L3 programming layer <2025-08-13>
(c:/texlive/2025/texmf-dist/tex/latex/base/book.cls
Document Class: book 2025/01/22 v1.4n Standard LaTeX document class
(c:/texlive/2025/texmf-dist/tex/latex/base/bk11.clo
File: bk11.clo 2025/01/22 v1.4n Standard LaTeX file (size option)
)
\c@part=\count275
\c@chapter=\count276
\c@section=\count277
\c@subsection=\count278
\c@subsubsection=\count279
\c@paragraph=\count280
\c@subparagraph=\count281
\c@figure=\count282
\c@table=\count283
\abovecaptionskip=\skip49
\belowcaptionskip=\skip50
\bibindent=\dimen148
)
(c:/texlive/2025/texmf-dist/tex/latex/base/fontenc.sty
Package: fontenc 2024/12/21 v2.1c Standard LaTeX package
)
(c:/texlive/2025/texmf-dist/tex/generic/babel/babel.sty
Package: babel 2025/08/03 v25.12 The multilingual framework for LuaLaTeX, pdfLa
TeX and XeLaTeX
\babel@savecnt=\count284
LaTeX Encoding Info:    Redeclaring text command \ij (encoding OT1) on input li
ne 2045.
LaTeX Encoding Info:    Redeclaring text command \IJ (encoding OT1) on input li
ne 2047.
LaTeX Encoding Info:    Redeclaring text command \ij (encoding T1) on input lin
e 2049.
LaTeX Encoding Info:    Redeclaring text command \IJ (encoding T1) on input lin
e 2050.
LaTeX Encoding Info:    Ignoring declaration for text command \ij (encoding ?) 
on input line 2051.
LaTeX Encoding Info:    Ignoring declaration for text command \IJ (encoding ?) 
on input line 2053.
LaTeX Encoding Info:    Ignoring declaration for text command \SS (encoding ?) 
on input line 2078.
\U@D=\dimen149
\l@unhyphenated=\language90

(c:/texlive/2025/texmf-dist/tex/generic/babel/txtbabel.def)
\bbl@readstream=\read2
\bbl@dirlevel=\count285

(c:/texlive/2025/texmf-dist/tex/generic/babel-english/british.ldf
Language: british 2017/06/06 v3.3r English support from the babel system

(c:/texlive/2025/texmf-dist/tex/generic/babel-english/english.ldf
Language: english 2017/06/06 v3.3r English support from the babel system

(c:/texlive/2025/texmf-dist/tex/generic/babel/locale/en/babel-british.tex
Package babel Info: Importing font and identification data for british
(babel)             from babel-en-GB.ini. Reported on input line 12.
)
Package babel Info: Hyphen rules for 'canadian' set to \l@english
(babel)             (\language0). Reported on input line 102.
Package babel Info: Hyphen rules for 'australian' set to \l@ukenglish
(babel)             (\language22). Reported on input line 105.
Package babel Info: Hyphen rules for 'newzealand' set to \l@ukenglish
(babel)             (\language22). Reported on input line 108.
)))
(c:/texlive/2025/texmf-dist/tex/latex/setspace/setspace.sty
Package: setspace 2022/12/04 v6.7b set line spacing
)
(c:/texlive/2025/texmf-dist/tex/latex/geometry/geometry.sty
Package: geometry 2020/01/02 v5.9 Page Geometry

(c:/texlive/2025/texmf-dist/tex/latex/graphics/keyval.sty
Package: keyval 2022/05/29 v1.15 key=value parser (DPC)
\KV@toks@=\toks17
)
(c:/texlive/2025/texmf-dist/tex/generic/iftex/ifvtex.sty
Package: ifvtex 2019/10/25 v1.7 ifvtex legacy package. Use iftex instead.

(c:/texlive/2025/texmf-dist/tex/generic/iftex/iftex.sty
Package: iftex 2024/12/12 v1.0g TeX engine tests
))
\Gm@cnth=\count286
\Gm@cntv=\count287
\c@Gm@tempcnt=\count288
\Gm@bindingoffset=\dimen150
\Gm@wd@mp=\dimen151
\Gm@odd@mp=\dimen152
\Gm@even@mp=\dimen153
\Gm@layoutwidth=\dimen154
\Gm@layoutheight=\dimen155
\Gm@layouthoffset=\dimen156
\Gm@layoutvoffset=\dimen157
\Gm@dimlist=\toks18
)
(c:/texlive/2025/texmf-dist/tex/latex/koma-script/scrextend.sty
Package: scrextend 2025/08/28 v3.47 KOMA-Script package (extend other classes w
ith features of KOMA-Script classes)

(c:/texlive/2025/texmf-dist/tex/latex/koma-script/scrkbase.sty
Package: scrkbase 2025/08/28 v3.47 KOMA-Script package (KOMA-Script-dependent b
asics and keyval usage)

(c:/texlive/2025/texmf-dist/tex/latex/koma-script/scrbase.sty
Package: scrbase 2025/08/28 v3.47 KOMA-Script package (KOMA-Script-independent 
basics and keyval usage)

(c:/texlive/2025/texmf-dist/tex/latex/koma-script/scrlfile.sty
Package: scrlfile 2025/08/28 v3.47 KOMA-Script package (file load hooks)

(c:/texlive/2025/texmf-dist/tex/latex/koma-script/scrlfile-hook.sty
Package: scrlfile-hook 2025/08/28 v3.47 KOMA-Script package (using LaTeX hooks)


(c:/texlive/2025/texmf-dist/tex/latex/koma-script/scrlogo.sty
Package: scrlogo 2025/08/28 v3.47 KOMA-Script package (logo)
)))
Applying: [2021/05/01] Usage of raw or classic option list on input line 254.
Already applied: [0000/00/00] Usage of raw or classic option list on input line
 370.
)))
(c:/texlive/2025/texmf-dist/tex/latex/titlesec/titlesec.sty
Package: titlesec 2025/01/04 v2.17 Sectioning titles
\ttl@box=\box53
\beforetitleunit=\skip51
\aftertitleunit=\skip52
\ttl@plus=\dimen158
\ttl@minus=\dimen159
\ttl@toksa=\toks19
\titlewidth=\dimen160
\titlewidthlast=\dimen161
\titlewidthfirst=\dimen162
)
(c:/texlive/2025/texmf-dist/tex/latex/fancyhdr/fancyhdr.sty
Package: fancyhdr 2025/02/07 v5.2 Extensive control of page headers and footers

\f@nch@headwidth=\skip53
\f@nch@offset@elh=\skip54
\f@nch@offset@erh=\skip55
\f@nch@offset@olh=\skip56
\f@nch@offset@orh=\skip57
\f@nch@offset@elf=\skip58
\f@nch@offset@erf=\skip59
\f@nch@offset@olf=\skip60
\f@nch@offset@orf=\skip61
\f@nch@height=\skip62
\f@nch@footalignment=\skip63
\f@nch@widthL=\skip64
\f@nch@widthC=\skip65
\f@nch@widthR=\skip66
\@temptokenb=\toks20
)
(c:/texlive/2025/texmf-dist/tex/latex/lastpage/lastpage.sty
Package: lastpage 2025/08/14 v2.1h lastpage: 2.09 or 2e? (HMM)

(c:/texlive/2025/texmf-dist/tex/latex/lastpage/lastpage2e.sty
Package: lastpage2e 2025/08/14 v2.1h Decide which 2e lastpage version to use (H
MM)

(c:/texlive/2025/texmf-dist/tex/latex/lastpage/lastpagemodern.sty
Package: lastpagemodern 2025-08-14 v2.1h Refers to last page's name (HMM; JPG)
\c@lastpagecount=\count289
) 
)) (c:/texlive/2025/texmf-dist/tex/latex/footmisc/footmisc.sty
Package: footmisc 2025/05/09 v7.0b a miscellany of footnote facilities
\FN@temptoken=\toks21
\footnotemargin=\dimen163
Package footmisc Info: Declaring symbol style bringhurst on input line 549.
Package footmisc Info: Declaring symbol style chicago on input line 557.
Package footmisc Info: Declaring symbol style wiley on input line 566.
Package footmisc Info: Declaring symbol style lamport-robust on input line 577.

Package footmisc Info: Declaring symbol style lamport* on input line 597.
Package footmisc Info: Declaring symbol style lamport*-robust on input line 618
.
)
(c:/texlive/2025/texmf-dist/tex/latex/tocloft/tocloft.sty
Package: tocloft 2017/08/31 v2.3i parameterised ToC, etc., typesetting
Package tocloft Info: The document has chapter divisions on input line 51.
\cftparskip=\skip67
\cftbeforetoctitleskip=\skip68
\cftaftertoctitleskip=\skip69
\cftbeforepartskip=\skip70
\cftpartnumwidth=\skip71
\cftpartindent=\skip72
\cftbeforechapskip=\skip73
\cftchapindent=\skip74
\cftchapnumwidth=\skip75
\cftbeforesecskip=\skip76
\cftsecindent=\skip77
\cftsecnumwidth=\skip78
\cftbeforesubsecskip=\skip79
\cftsubsecindent=\skip80
\cftsubsecnumwidth=\skip81
\cftbeforesubsubsecskip=\skip82
\cftsubsubsecindent=\skip83
\cftsubsubsecnumwidth=\skip84
\cftbeforeparaskip=\skip85
\cftparaindent=\skip86
\cftparanumwidth=\skip87
\cftbeforesubparaskip=\skip88
\cftsubparaindent=\skip89
\cftsubparanumwidth=\skip90
\cftbeforeloftitleskip=\skip91
\cftafterloftitleskip=\skip92
\cftbeforefigskip=\skip93
\cftfigindent=\skip94
\cftfignumwidth=\skip95
\c@lofdepth=\count290
\c@lotdepth=\count291
\cftbeforelottitleskip=\skip96
\cftafterlottitleskip=\skip97
\cftbeforetabskip=\skip98
\cfttabindent=\skip99
\cfttabnumwidth=\skip100
)
(c:/texlive/2025/texmf-dist/tex/latex/import/import.sty
Package: import 2020/04/01  v 6.2
)
(c:/texlive/2025/texmf-dist/tex/latex/pdfpages/pdfpages.sty
Package: pdfpages 2025/07/23 v0.6g Insert pages of external PDF documents (AM)

(c:/texlive/2025/texmf-dist/tex/latex/base/ifthen.sty
Package: ifthen 2024/03/16 v1.1e Standard LaTeX ifthen package (DPC)
)
(c:/texlive/2025/texmf-dist/tex/latex/tools/calc.sty
Package: calc 2025/03/01 v4.3b Infix arithmetic (KKT,FJ)
\calc@Acount=\count292
\calc@Bcount=\count293
\calc@Adimen=\dimen164
\calc@Bdimen=\dimen165
\calc@Askip=\skip101
\calc@Bskip=\skip102
LaTeX Info: Redefining \setlength on input line 86.
LaTeX Info: Redefining \addtolength on input line 87.
\calc@Ccount=\count294
\calc@Cskip=\skip103
)
(c:/texlive/2025/texmf-dist/tex/latex/eso-pic/eso-pic.sty
Package: eso-pic 2023/05/03 v3.0c eso-pic (RN)
\ESO@tempdima=\dimen166
\ESO@tempdimb=\dimen167

(c:/texlive/2025/texmf-dist/tex/latex/xcolor/xcolor.sty
Package: xcolor 2024/09/29 v3.02 LaTeX color extensions (UK)

(c:/texlive/2025/texmf-dist/tex/latex/graphics-cfg/color.cfg
File: color.cfg 2016/01/02 v1.6 sample color configuration
)
Package xcolor Info: Driver file: pdftex.def on input line 274.

(c:/texlive/2025/texmf-dist/tex/latex/graphics-def/pdftex.def
File: pdftex.def 2024/04/13 v1.2c Graphics/color driver for pdftex
)
(c:/texlive/2025/texmf-dist/tex/latex/graphics/mathcolor.ltx)
Package xcolor Info: Model `cmy' substituted by `cmy0' on input line 1349.
Package xcolor Info: Model `hsb' substituted by `rgb' on input line 1353.
Package xcolor Info: Model `RGB' extended on input line 1365.
Package xcolor Info: Model `HTML' substituted by `rgb' on input line 1367.
Package xcolor Info: Model `Hsb' substituted by `hsb' on input line 1368.
Package xcolor Info: Model `tHsb' substituted by `hsb' on input line 1369.
Package xcolor Info: Model `HSB' substituted by `hsb' on input line 1370.
Package xcolor Info: Model `Gray' substituted by `gray' on input line 1371.
Package xcolor Info: Model `wave' substituted by `hsb' on input line 1372.
))
(c:/texlive/2025/texmf-dist/tex/latex/etoolbox/etoolbox.sty
Package: etoolbox 2025/02/11 v2.5l e-TeX tools for LaTeX (JAW)
\etb@tempcnta=\count295
)
(c:/texlive/2025/texmf-dist/tex/latex/graphics/graphicx.sty
Package: graphicx 2024/12/31 v1.2e Enhanced LaTeX Graphics (DPC,SPQR)

(c:/texlive/2025/texmf-dist/tex/latex/graphics/graphics.sty
Package: graphics 2024/08/06 v1.4g Standard LaTeX Graphics (DPC,SPQR)

(c:/texlive/2025/texmf-dist/tex/latex/graphics/trig.sty
Package: trig 2023/12/02 v1.11 sin cos tan (DPC)
)
(c:/texlive/2025/texmf-dist/tex/latex/graphics-cfg/graphics.cfg
File: graphics.cfg 2016/06/04 v1.11 sample graphics configuration
)
Package graphics Info: Driver file: pdftex.def on input line 106.
)
\Gin@req@height=\dimen168
\Gin@req@width=\dimen169
)
\AM@pagewidth=\dimen170
\AM@pageheight=\dimen171
\AM@fboxrule=\dimen172

(c:/texlive/2025/texmf-dist/tex/latex/pdfpages/pppdftex.def
File: pppdftex.def 2025/07/23 v0.6g Pdfpages driver for pdfTeX (AM)
)
\pdfpages@includegraphics@status=\count296
\AM@pagebox=\box54
\AM@global@opts=\toks22
\AM@pagecnt=\count297
\AM@toc@title=\toks23
\AM@lof@heading=\toks24
\c@AM@survey=\count298
\AM@templatesizebox=\box55
)
(c:/texlive/2025/texmf-dist/tex/latex/tools/xspace.sty
Package: xspace 2014/10/28 v1.13 Space after command names (DPC,MH)
)
(c:/texlive/2025/texmf-dist/tex/latex/datetime/datetime.sty
Package: datetime 2015/03/20 v2.60 Date Time Package

(c:/texlive/2025/texmf-dist/tex/latex/fmtcount/fmtcount.sty
Package: fmtcount 2025/08/23 v3.11 Displaying the values of LaTeX counters (NT,
VB,NE)

(c:/texlive/2025/texmf-dist/tex/latex/xkeyval/xkeyval.sty
Package: xkeyval 2022/06/16 v2.9 package option processing (HA)

(c:/texlive/2025/texmf-dist/tex/generic/xkeyval/xkeyval.tex
(c:/texlive/2025/texmf-dist/tex/generic/xkeyval/xkvutils.tex
\XKV@toks=\toks25
\XKV@tempa@toks=\toks26
)
\XKV@depth=\count299
File: xkeyval.tex 2014/12/03 v2.7a key=value parser (HA)
))
(c:/texlive/2025/texmf-dist/tex/latex/fmtcount/fcprefix.sty
Package: fcprefix 2012/09/28

(c:/texlive/2025/texmf-dist/tex/latex/fmtcount/fcnumparser.sty
Package: fcnumparser 2017/06/15
\fc@digit@counter=\count300
))
(c:/texlive/2025/texmf-dist/tex/latex/amsmath/amsgen.sty
File: amsgen.sty 1999/11/30 v2.0 generic functions
\@emptytoks=\toks27
\ex@=\dimen173
)
\c@padzeroesN=\count301
\fc@tmpcatcode=\count302

(c:/texlive/2025/texmf-dist/tex/latex/fmtcount/fc-english.def
File: fc-english.def 2016/01/12
)
(c:/texlive/2025/texmf-dist/tex/latex/fmtcount/fc-british.def
File: fc-british.def 2013/08/17
)
\@DT@modctr=\count303
\@ordinalctr=\count304
\@orgargctr=\count305
\@strctr=\count306
\@tmpstrctr=\count307
\@DT@loopN=\count308
\@DT@X=\count309
)
(c:/texlive/2025/texmf-dist/tex/latex/datetime/datetime-defaults.sty
Package: datetime-defaults 2013/09/10
)
\@day=\count310
\@month=\count311
\@year=\count312
\c@HOUR=\count313
\c@HOURXII=\count314
\c@MINUTE=\count315
\c@TOHOUR=\count316
\c@TOMINUTE=\count317
\c@SECOND=\count318
\currenthour=\count319
\currentminute=\count320
\currentsecond=\count321
Package datetime Info: No datetime.cfg file found, using default settings on in
put line 308.
\@dtctr=\count322
\dayofyear=\count323
\dayofweek=\count324
LaTeX Info: Redefining \today on input line 736.

(c:/texlive/2025/texmf-dist/tex/latex/datetime/dt-british.def
File: dt-british.def 2013/09/10
)
\dt@a=\toks28
\dt@b=\toks29
)
(c:/texlive/2025/texmf-dist/tex/latex/datetime2/datetime2.sty
Package: datetime2 2021/03/21 v1.5.7 (NLCT) date and time formats

(c:/texlive/2025/texmf-dist/tex/latex/tracklang/tracklang.sty
Package: tracklang 2025/03/11 v1.6.6 (NLCT) Track Languages

(c:/texlive/2025/texmf-dist/tex/generic/tracklang/tracklang.tex)
Package tracklang Info: Tracking dialect `british' (language `english') on inpu
t line 264.
Package tracklang Info: Tracking dialect `british' (language `english') on inpu
t line 264.
)
Package tracklang Info: Tracking dialect `british' (language `english') on inpu
t line 217.

(c:/texlive/2025/texmf-dist/tex/latex/datetime2-english/datetime2-en-GB.ldf
File: datetime2-en-GB.ldf 2019/10/21 v1.05 (NLCT)

(c:/texlive/2025/texmf-dist/tex/latex/datetime2-english/datetime2-english-base.
ldf
File: datetime2-english-base.ldf 2019/10/21 v1.05 (NLCT)
))) (c:/texlive/2025/texmf-dist/tex/latex/glossaries/base/glossaries.sty
Package: glossaries 2025/08/11 v4.8 (NLCT)

(c:/texlive/2025/texmf-dist/tex/latex/mfirstuc/mfirstuc.sty
Package: mfirstuc 2025/04/03 v2.09 (NLCT)
\@glsmfirst=\toks30
\@glsmrest=\toks31
)
(c:/texlive/2025/texmf-dist/tex/latex/xfor/xfor.sty
Package: xfor 2009/02/05 v1.05 (NLCT)
)
(c:/texlive/2025/texmf-dist/tex/latex/translator/translator.sty
Package: translator 2021-05-31 v1.12d Easy translation of strings in LaTeX
)
(c:/texlive/2025/texmf-dist/tex/latex/glossaries-english/glossaries-english.ldf
File: glossaries-english.ldf 2014/11/23 v1.0
) (c:/texlive/2025/texmf-dist/tex/latex/datatool/datatool-base.sty
Package: datatool-base 2025/04/25 v3.4.1 (NLCT)

(c:/texlive/2025/texmf-dist/tex/latex/amsmath/amsmath.sty
Package: amsmath 2025/06/16 v2.17y AMS math features
\@mathmargin=\skip104

For additional information on amsmath, use the `?' option.
(c:/texlive/2025/texmf-dist/tex/latex/amsmath/amstext.sty
Package: amstext 2024/11/17 v2.01 AMS text
)
(c:/texlive/2025/texmf-dist/tex/latex/amsmath/amsbsy.sty
Package: amsbsy 1999/11/29 v1.2d Bold Symbols
\pmbraise@=\dimen174
)
(c:/texlive/2025/texmf-dist/tex/latex/amsmath/amsopn.sty
Package: amsopn 2022/04/08 v2.04 operator names
)
\inf@bad=\count325
LaTeX Info: Redefining \frac on input line 233.
\uproot@=\count326
\leftroot@=\count327
LaTeX Info: Redefining \overline on input line 398.
LaTeX Info: Redefining \colon on input line 409.
\classnum@=\count328
\DOTSCASE@=\count329
LaTeX Info: Redefining \ldots on input line 495.
LaTeX Info: Redefining \dots on input line 498.
LaTeX Info: Redefining \cdots on input line 619.
\Mathstrutbox@=\box56
\strutbox@=\box57
LaTeX Info: Redefining \big on input line 721.
LaTeX Info: Redefining \Big on input line 722.
LaTeX Info: Redefining \bigg on input line 723.
LaTeX Info: Redefining \Bigg on input line 724.
\big@size=\dimen175
LaTeX Font Info:    Redeclaring font encoding OML on input line 742.
LaTeX Font Info:    Redeclaring font encoding OMS on input line 743.
\macc@depth=\count330
LaTeX Info: Redefining \bmod on input line 904.
LaTeX Info: Redefining \pmod on input line 909.
LaTeX Info: Redefining \smash on input line 939.
LaTeX Info: Redefining \relbar on input line 969.
LaTeX Info: Redefining \Relbar on input line 970.
\c@MaxMatrixCols=\count331
\dotsspace@=\muskip17
\c@parentequation=\count332
\dspbrk@lvl=\count333
\tag@help=\toks32
\row@=\count334
\column@=\count335
\maxfields@=\count336
\andhelp@=\toks33
\eqnshift@=\dimen176
\alignsep@=\dimen177
\tagshift@=\dimen178
\tagwidth@=\dimen179
\totwidth@=\dimen180
\lineht@=\dimen181
\@envbody=\toks34
\multlinegap=\skip105
\multlinetaggap=\skip106
\mathdisplay@stack=\toks35
LaTeX Info: Redefining \[ on input line 2949.
LaTeX Info: Redefining \] on input line 2950.
)
(c:/texlive/2025/texmf-dist/tex/latex/datatool/datatool-l3fp.def
File: datatool-l3fp.def 2025/04/25 v3.4.1 (NLCT)
)
\@dtl@toks=\toks36
\@dtl@tmpcount=\count337
\dtl@tmplength=\skip107
\l__datatool_measure_box=\box58
\dtl@sortresult=\count338

(c:/texlive/2025/texmf-dist/tex/latex/datatool/datatool-utf8.ldf
File: datatool-utf8.ldf 2025/04/25 v3.4.1 (NLCT)
)
\@dtl@datatype=\count339
\l__datatool_tmpa_int=\count340
\l__datatool_tmpb_int=\count341
\l__datatool_tmpc_int=\count342
\l__datatool_tmpd_int=\count343
\l__datatool_count_int=\count344
\l__datatool_tmp_datatype_int=\count345
\l__datatool_tmpa_dim=\dimen182
\l__datatool_tmpb_dim=\dimen183
\c_datatool_unknown_int=\count346
\l__datatool_year_int=\count347
\l__datatool_month_int=\count348
\l__datatool_day_int=\count349
\l__datatool_hour_int=\count350
\l__datatool_minute_int=\count351
\l__datatool_second_int=\count352
\l__datatool_tzhour_int=\count353
\l__datatool_tzminute_int=\count354
\l__datatool_julian_int=\count355
\l__datatool_local_julian_int=\count356
\l__datatool_prefix_int=\count357
\l__datatool_suffix_int=\count358
\@dtl@foreach@level=\count359

(c:/texlive/2025/texmf-dist/tex/latex/datatool-regions/datatool-GB.ldf
File: datatool-GB.ldf 2025/03/01 v1.0
)
(c:/texlive/2025/texmf-dist/tex/latex/datatool-english/datatool-english.ldf
File: datatool-english.ldf 2025/03/12 v1.1 (NLCT)

(c:/texlive/2025/texmf-dist/tex/latex/datatool-english/datatool-english-utf8.ld
f
File: datatool-english-utf8.ldf 2025/03/12 v1.1 (NLCT)
))
\dtl@codeA=\count360
\dtl@codeB=\count361
)
\gls@level=\count362
\@gls@tmpb=\toks37
\gls@tmplen=\skip108
\l__glossaries_tmpa_dim=\dimen184
\l__glossaries_tmpb_dim=\dimen185
\glskeylisttok=\toks38
\glslabeltok=\toks39
\glsshorttok=\toks40
\glslongtok=\toks41

(c:/texlive/2025/texmf-dist/tex/latex/glossaries/styles/glossary-hypernav.sty
Package: glossary-hypernav 2025/08/11 v4.8 (NLCT)
)
(c:/texlive/2025/texmf-dist/tex/latex/glossaries/styles/glossary-list.sty
Package: glossary-list 2025/08/11 v4.8 (NLCT)
\glslistdottedwidth=\skip109
)
(c:/texlive/2025/texmf-dist/tex/latex/glossaries/styles/glossary-long.sty
Package: glossary-long 2025/08/11 v4.8 (NLCT)

(c:/texlive/2025/texmf-dist/tex/latex/tools/longtable.sty
Package: longtable 2024-12-18 v4.23 Multi-page Table package (DPC)
\LTleft=\skip110
\LTright=\skip111
\LTpre=\skip112
\LTpost=\skip113
\LTchunksize=\count363
\LTcapwidth=\dimen186
\LT@head=\box59
\LT@firsthead=\box60
\LT@foot=\box61
\LT@lastfoot=\box62
\LT@gbox=\box63
\LT@cols=\count364
\LT@rows=\count365
\c@LT@tables=\count366
\c@LT@chunks=\count367
\LT@p@ftn=\toks42
)
\glsdescwidth=\skip114
\glspagelistwidth=\skip115
)
(c:/texlive/2025/texmf-dist/tex/latex/glossaries/styles/glossary-super.sty
Package: glossary-super 2025/08/11 v4.8 (NLCT)

(c:/texlive/2025/texmf-dist/tex/latex/supertabular/supertabular.sty
Package: supertabular 2024/07/20 v4.2c the supertabular environment
\c@tracingst=\count368
\ST@wd=\dimen187
\ST@rightskip=\skip116
\ST@leftskip=\skip117
\ST@parfillskip=\skip118
\ST@pageleft=\dimen188
\ST@headht=\dimen189
\ST@tailht=\dimen190
\ST@pagesofar=\dimen191
\ST@pboxht=\dimen192
\ST@rowht=\dimen193
\ST@prevht=\dimen194
\ST@toadd=\dimen195
\ST@dimen=\dimen196
\ST@pbox=\box64
))
(c:/texlive/2025/texmf-dist/tex/latex/glossaries/styles/glossary-tree.sty
Package: glossary-tree 2025/08/11 v4.8 (NLCT)
\l__glossaries_tree_max_known_level_int=\count369
\l__glossaries_tree_offset_dim=\dimen197
\l__glossaries_tree_namewidth_dim=\dimen198
\l__glossaries_tree_symbolwidth_dim=\dimen199
\l__glossaries_tree_prenamesym_width_dim=\dimen256
\l__glossaries_tree_presubnamesym_width_dim=\dimen257
\l__glossaries_tree_namewidth_padding_dim=\dimen258
\l__glossaries_tree_symbolwidth_padding_dim=\dimen259
\l__glossaries_tree_namesymbolwidth_dim=\dimen260
\l__glossaries_tree_namesymbolwidth_padding_dim=\dimen261
\l__glossaries_tree_level_int=\count370
\glstreeindent=\skip119
))
(c:/texlive/2025/texmf-dist/tex/latex/base/fix-cm.sty
Package: fix-cm 2020/11/24 v1.1t fixes to LaTeX

(c:/texlive/2025/texmf-dist/tex/latex/base/ts1enc.def
File: ts1enc.def 2001/06/05 v3.0e (jk/car/fm) Standard LaTeX file
LaTeX Font Info:    Redeclaring font encoding TS1 on input line 47.
LaTeX Encoding Info:    Redeclaring text command \capitalcedilla (encoding TS1)
 on input line 49.
LaTeX Encoding Info:    Redeclaring text command \capitalogonek (encoding TS1) 
on input line 52.
LaTeX Encoding Info:    Redeclaring text command \capitalgrave (encoding TS1) o
n input line 55.
LaTeX Encoding Info:    Redeclaring text command \capitalacute (encoding TS1) o
n input line 56.
LaTeX Encoding Info:    Redeclaring text command \capitalcircumflex (encoding T
S1) on input line 57.
LaTeX Encoding Info:    Redeclaring text command \capitaltilde (encoding TS1) o
n input line 58.
LaTeX Encoding Info:    Redeclaring text command \capitaldieresis (encoding TS1
) on input line 59.
LaTeX Encoding Info:    Redeclaring text command \capitalhungarumlaut (encoding
 TS1) on input line 60.
LaTeX Encoding Info:    Redeclaring text command \capitalring (encoding TS1) on
 input line 61.
LaTeX Encoding Info:    Redeclaring text command \capitalcaron (encoding TS1) o
n input line 62.
LaTeX Encoding Info:    Redeclaring text command \capitalbreve (encoding TS1) o
n input line 63.
LaTeX Encoding Info:    Redeclaring text command \capitalmacron (encoding TS1) 
on input line 64.
LaTeX Encoding Info:    Redeclaring text command \capitaldotaccent (encoding TS
1) on input line 65.
LaTeX Encoding Info:    Redeclaring text command \t (encoding TS1) on input lin
e 66.
LaTeX Encoding Info:    Redeclaring text command \capitaltie (encoding TS1) on 
input line 67.
LaTeX Encoding Info:    Redeclaring text command \newtie (encoding TS1) on inpu
t line 68.
LaTeX Encoding Info:    Redeclaring text command \capitalnewtie (encoding TS1) 
on input line 69.
LaTeX Encoding Info:    Redeclaring text symbol \textcapitalcompwordmark (encod
ing TS1) on input line 70.
LaTeX Encoding Info:    Redeclaring text symbol \textascendercompwordmark (enco
ding TS1) on input line 71.
LaTeX Encoding Info:    Redeclaring text symbol \textquotestraightbase (encodin
g TS1) on input line 72.
LaTeX Encoding Info:    Redeclaring text symbol \textquotestraightdblbase (enco
ding TS1) on input line 73.
LaTeX Encoding Info:    Redeclaring text symbol \texttwelveudash (encoding TS1)
 on input line 74.
LaTeX Encoding Info:    Redeclaring text symbol \textthreequartersemdash (encod
ing TS1) on input line 75.
LaTeX Encoding Info:    Redeclaring text symbol \textleftarrow (encoding TS1) o
n input line 76.
LaTeX Encoding Info:    Redeclaring text symbol \textrightarrow (encoding TS1) 
on input line 77.
LaTeX Encoding Info:    Redeclaring text symbol \textblank (encoding TS1) on in
put line 78.
LaTeX Encoding Info:    Redeclaring text symbol \textdollar (encoding TS1) on i
nput line 79.
LaTeX Encoding Info:    Redeclaring text symbol \textquotesingle (encoding TS1)
 on input line 80.
LaTeX Encoding Info:    Redeclaring text command \textasteriskcentered (encodin
g TS1) on input line 81.
LaTeX Encoding Info:    Redeclaring text symbol \textdblhyphen (encoding TS1) o
n input line 92.
LaTeX Encoding Info:    Redeclaring text symbol \textfractionsolidus (encoding 
TS1) on input line 93.
LaTeX Encoding Info:    Redeclaring text symbol \textzerooldstyle (encoding TS1
) on input line 94.
LaTeX Encoding Info:    Redeclaring text symbol \textoneoldstyle (encoding TS1)
 on input line 95.
LaTeX Encoding Info:    Redeclaring text symbol \texttwooldstyle (encoding TS1)
 on input line 96.
LaTeX Encoding Info:    Redeclaring text symbol \textthreeoldstyle (encoding TS
1) on input line 97.
LaTeX Encoding Info:    Redeclaring text symbol \textfouroldstyle (encoding TS1
) on input line 98.
LaTeX Encoding Info:    Redeclaring text symbol \textfiveoldstyle (encoding TS1
) on input line 99.
LaTeX Encoding Info:    Redeclaring text symbol \textsixoldstyle (encoding TS1)
 on input line 100.
LaTeX Encoding Info:    Redeclaring text symbol \textsevenoldstyle (encoding TS
1) on input line 101.
LaTeX Encoding Info:    Redeclaring text symbol \texteightoldstyle (encoding TS
1) on input line 102.
LaTeX Encoding Info:    Redeclaring text symbol \textnineoldstyle (encoding TS1
) on input line 103.
LaTeX Encoding Info:    Redeclaring text symbol \textlangle (encoding TS1) on i
nput line 104.
LaTeX Encoding Info:    Redeclaring text symbol \textminus (encoding TS1) on in
put line 105.
LaTeX Encoding Info:    Redeclaring text symbol \textrangle (encoding TS1) on i
nput line 106.
LaTeX Encoding Info:    Redeclaring text symbol \textmho (encoding TS1) on inpu
t line 107.
LaTeX Encoding Info:    Redeclaring text symbol \textbigcircle (encoding TS1) o
n input line 108.
LaTeX Encoding Info:    Redeclaring text command \textcircled (encoding TS1) on
 input line 109.
LaTeX Encoding Info:    Redeclaring text symbol \textohm (encoding TS1) on inpu
t line 115.
LaTeX Encoding Info:    Redeclaring text symbol \textlbrackdbl (encoding TS1) o
n input line 116.
LaTeX Encoding Info:    Redeclaring text symbol \textrbrackdbl (encoding TS1) o
n input line 117.
LaTeX Encoding Info:    Redeclaring text symbol \textuparrow (encoding TS1) on 
input line 118.
LaTeX Encoding Info:    Redeclaring text symbol \textdownarrow (encoding TS1) o
n input line 119.
LaTeX Encoding Info:    Redeclaring text symbol \textasciigrave (encoding TS1) 
on input line 120.
LaTeX Encoding Info:    Redeclaring text symbol \textborn (encoding TS1) on inp
ut line 121.
LaTeX Encoding Info:    Redeclaring text symbol \textdivorced (encoding TS1) on
 input line 122.
LaTeX Encoding Info:    Redeclaring text symbol \textdied (encoding TS1) on inp
ut line 123.
LaTeX Encoding Info:    Redeclaring text symbol \textleaf (encoding TS1) on inp
ut line 124.
LaTeX Encoding Info:    Redeclaring text symbol \textmarried (encoding TS1) on 
input line 125.
LaTeX Encoding Info:    Redeclaring text symbol \textmusicalnote (encoding TS1)
 on input line 126.
LaTeX Encoding Info:    Redeclaring text symbol \texttildelow (encoding TS1) on
 input line 127.
LaTeX Encoding Info:    Redeclaring text symbol \textdblhyphenchar (encoding TS
1) on input line 128.
LaTeX Encoding Info:    Redeclaring text symbol \textasciibreve (encoding TS1) 
on input line 129.
LaTeX Encoding Info:    Redeclaring text symbol \textasciicaron (encoding TS1) 
on input line 130.
LaTeX Encoding Info:    Redeclaring text symbol \textacutedbl (encoding TS1) on
 input line 131.
LaTeX Encoding Info:    Redeclaring text symbol \textgravedbl (encoding TS1) on
 input line 132.
LaTeX Encoding Info:    Redeclaring text symbol \textdagger (encoding TS1) on i
nput line 133.
LaTeX Encoding Info:    Redeclaring text symbol \textdaggerdbl (encoding TS1) o
n input line 134.
LaTeX Encoding Info:    Redeclaring text symbol \textbardbl (encoding TS1) on i
nput line 135.
LaTeX Encoding Info:    Redeclaring text symbol \textperthousand (encoding TS1)
 on input line 136.
LaTeX Encoding Info:    Redeclaring text symbol \textbullet (encoding TS1) on i
nput line 137.
LaTeX Encoding Info:    Redeclaring text symbol \textcelsius (encoding TS1) on 
input line 138.
LaTeX Encoding Info:    Redeclaring text symbol \textdollaroldstyle (encoding T
S1) on input line 139.
LaTeX Encoding Info:    Redeclaring text symbol \textcentoldstyle (encoding TS1
) on input line 140.
LaTeX Encoding Info:    Redeclaring text symbol \textflorin (encoding TS1) on i
nput line 141.
LaTeX Encoding Info:    Redeclaring text symbol \textcolonmonetary (encoding TS
1) on input line 142.
LaTeX Encoding Info:    Redeclaring text symbol \textwon (encoding TS1) on inpu
t line 143.
LaTeX Encoding Info:    Redeclaring text symbol \textnaira (encoding TS1) on in
put line 144.
LaTeX Encoding Info:    Redeclaring text symbol \textguarani (encoding TS1) on 
input line 145.
LaTeX Encoding Info:    Redeclaring text symbol \textpeso (encoding TS1) on inp
ut line 146.
LaTeX Encoding Info:    Redeclaring text symbol \textlira (encoding TS1) on inp
ut line 147.
LaTeX Encoding Info:    Redeclaring text symbol \textrecipe (encoding TS1) on i
nput line 148.
LaTeX Encoding Info:    Redeclaring text symbol \textinterrobang (encoding TS1)
 on input line 149.
LaTeX Encoding Info:    Redeclaring text symbol \textinterrobangdown (encoding 
TS1) on input line 150.
LaTeX Encoding Info:    Redeclaring text symbol \textdong (encoding TS1) on inp
ut line 151.
LaTeX Encoding Info:    Redeclaring text symbol \texttrademark (encoding TS1) o
n input line 152.
LaTeX Encoding Info:    Redeclaring text symbol \textpertenthousand (encoding T
S1) on input line 153.
LaTeX Encoding Info:    Redeclaring text symbol \textpilcrow (encoding TS1) on 
input line 154.
LaTeX Encoding Info:    Redeclaring text symbol \textbaht (encoding TS1) on inp
ut line 155.
LaTeX Encoding Info:    Redeclaring text symbol \textnumero (encoding TS1) on i
nput line 156.
LaTeX Encoding Info:    Redeclaring text symbol \textdiscount (encoding TS1) on
 input line 157.
LaTeX Encoding Info:    Redeclaring text symbol \textestimated (encoding TS1) o
n input line 158.
LaTeX Encoding Info:    Redeclaring text symbol \textopenbullet (encoding TS1) 
on input line 159.
LaTeX Encoding Info:    Redeclaring text symbol \textservicemark (encoding TS1)
 on input line 160.
LaTeX Encoding Info:    Redeclaring text symbol \textlquill (encoding TS1) on i
nput line 161.
LaTeX Encoding Info:    Redeclaring text symbol \textrquill (encoding TS1) on i
nput line 162.
LaTeX Encoding Info:    Redeclaring text symbol \textcent (encoding TS1) on inp
ut line 163.
LaTeX Encoding Info:    Redeclaring text symbol \textsterling (encoding TS1) on
 input line 164.
LaTeX Encoding Info:    Redeclaring text symbol \textcurrency (encoding TS1) on
 input line 165.
LaTeX Encoding Info:    Redeclaring text symbol \textyen (encoding TS1) on inpu
t line 166.
LaTeX Encoding Info:    Redeclaring text symbol \textbrokenbar (encoding TS1) o
n input line 167.
LaTeX Encoding Info:    Redeclaring text symbol \textsection (encoding TS1) on 
input line 168.
LaTeX Encoding Info:    Redeclaring text symbol \textasciidieresis (encoding TS
1) on input line 169.
LaTeX Encoding Info:    Redeclaring text symbol \textcopyright (encoding TS1) o
n input line 170.
LaTeX Encoding Info:    Redeclaring text symbol \textordfeminine (encoding TS1)
 on input line 171.
LaTeX Encoding Info:    Redeclaring text symbol \textcopyleft (encoding TS1) on
 input line 172.
LaTeX Encoding Info:    Redeclaring text symbol \textlnot (encoding TS1) on inp
ut line 173.
LaTeX Encoding Info:    Redeclaring text symbol \textcircledP (encoding TS1) on
 input line 174.
LaTeX Encoding Info:    Redeclaring text symbol \textregistered (encoding TS1) 
on input line 175.
LaTeX Encoding Info:    Redeclaring text symbol \textasciimacron (encoding TS1)
 on input line 176.
LaTeX Encoding Info:    Redeclaring text symbol \textdegree (encoding TS1) on i
nput line 177.
LaTeX Encoding Info:    Redeclaring text symbol \textpm (encoding TS1) on input
 line 178.
LaTeX Encoding Info:    Redeclaring text symbol \texttwosuperior (encoding TS1)
 on input line 179.
LaTeX Encoding Info:    Redeclaring text symbol \textthreesuperior (encoding TS
1) on input line 180.
LaTeX Encoding Info:    Redeclaring text symbol \textasciiacute (encoding TS1) 
on input line 181.
LaTeX Encoding Info:    Redeclaring text symbol \textmu (encoding TS1) on input
 line 182.
LaTeX Encoding Info:    Redeclaring text symbol \textparagraph (encoding TS1) o
n input line 183.
LaTeX Encoding Info:    Redeclaring text symbol \textperiodcentered (encoding T
S1) on input line 184.
LaTeX Encoding Info:    Redeclaring text symbol \textreferencemark (encoding TS
1) on input line 185.
LaTeX Encoding Info:    Redeclaring text symbol \textonesuperior (encoding TS1)
 on input line 186.
LaTeX Encoding Info:    Redeclaring text symbol \textordmasculine (encoding TS1
) on input line 187.
LaTeX Encoding Info:    Redeclaring text symbol \textsurd (encoding TS1) on inp
ut line 188.
LaTeX Encoding Info:    Redeclaring text symbol \textonequarter (encoding TS1) 
on input line 189.
LaTeX Encoding Info:    Redeclaring text symbol \textonehalf (encoding TS1) on 
input line 190.
LaTeX Encoding Info:    Redeclaring text symbol \textthreequarters (encoding TS
1) on input line 191.
LaTeX Encoding Info:    Redeclaring text symbol \texteuro (encoding TS1) on inp
ut line 192.
LaTeX Encoding Info:    Redeclaring text symbol \texttimes (encoding TS1) on in
put line 193.
LaTeX Encoding Info:    Redeclaring text symbol \textdiv (encoding TS1) on inpu
t line 194.
))
(c:/texlive/2025/texmf-dist/tex/latex/graphics/dvipsnam.def
File: dvipsnam.def 2016/06/17 v3.0m Driver-dependent file (DPC,SPQR)
)
(c:/texlive/2025/texmf-dist/tex/latex/colortbl/colortbl.sty
Package: colortbl 2024/10/29 v1.0k Color table columns (DPC)

(c:/texlive/2025/texmf-dist/tex/latex/tools/array.sty
Package: array 2025/06/08 v2.6j Tabular extension package (FMi)
\col@sep=\dimen262
\ar@mcellbox=\box65
\extrarowheight=\dimen263
\NC@list=\toks43
\extratabsurround=\skip120
\backup@length=\skip121
\ar@cellbox=\box66
)
\everycr=\toks44
\minrowclearance=\skip122
\rownum=\count371
)

LaTeX Warning: Package "xcolor" has already been loaded: ignoring load-time
(LaTeX)        option "xcdraw".

(c:/texlive/2025/texmf-dist/tex/latex/gensymb/gensymb.sty
Package: gensymb 2022/10/17 v1.0.2 (KJH)
)
(c:/texlive/2025/texmf-dist/tex/latex/ebgaramond/ebgaramond.sty
Package: ebgaramond 2024/04/23 (Bob Tennent and autoinst) Style file for EB Gar
amond fonts.

(c:/texlive/2025/texmf-dist/tex/generic/iftex/ifxetex.sty
Package: ifxetex 2019/10/25 v0.7 ifxetex legacy package. Use iftex instead.
)
(c:/texlive/2025/texmf-dist/tex/generic/iftex/ifluatex.sty
Package: ifluatex 2019/10/25 v1.5 ifluatex legacy package. Use iftex instead.
)
(c:/texlive/2025/texmf-dist/tex/latex/base/textcomp.sty
Package: textcomp 2024/04/24 v2.1b Standard LaTeX package
)
(c:/texlive/2025/texmf-dist/tex/latex/base/fontenc.sty
Package: fontenc 2024/12/21 v2.1c Standard LaTeX package
)
(c:/texlive/2025/texmf-dist/tex/latex/fontaxes/fontaxes.sty
Package: fontaxes 2025-05-24 v2.0.1 Font selection axes (deprecated)

(c:/texlive/2025/texmf-dist/tex/latex/figureversions/figureversions.sty
Package: figureversions 2025-04-29 v1.0.1 Figure versions
))
LaTeX Info: Redefining \oldstylenums on input line 163.
LaTeX Info: Redefining \textsw on input line 173.
)
(c:/texlive/2025/texmf-dist/tex/latex/float/float.sty
Package: float 2001/11/08 v1.3d Float enhancements (AL)
\c@float@type=\count372
\float@exts=\toks45
\float@box=\box67
\@float@everytoks=\toks46
\@floatcapt=\box68
)
(c:/texlive/2025/texmf-dist/tex/latex/wrapfig/wrapfig.sty
\wrapoverhang=\dimen264
\WF@size=\dimen265
\c@WF@wrappedlines=\count373
\WF@box=\box69
\WF@everypar=\toks47
Package: wrapfig 2003/01/31  v 3.6
)
(c:/texlive/2025/texmf-dist/tex/latex/graphics/lscape.sty
Package: lscape 2020/05/28 v3.02 Landscape Pages (DPC)
)
(c:/texlive/2025/texmf-dist/tex/latex/graphics/rotating.sty
Package: rotating 2025/01/14 v2.16e rotated objects in LaTeX
\c@r@tfl@t=\count374
\rotFPtop=\skip123
\rotFPbot=\skip124
\rot@float@box=\box70
\rot@mess@toks=\toks48
)
(c:/texlive/2025/texmf-dist/tex/latex/caption/subcaption.sty
Package: subcaption 2023/07/28 v1.6b Sub-captions (AR)

(c:/texlive/2025/texmf-dist/tex/latex/caption/caption.sty
Package: caption 2023/08/05 v3.6o Customizing captions (AR)

(c:/texlive/2025/texmf-dist/tex/latex/caption/caption3.sty
Package: caption3 2023/07/31 v2.4d caption3 kernel (AR)
\caption@tempdima=\dimen266
\captionmargin=\dimen267
\caption@leftmargin=\dimen268
\caption@rightmargin=\dimen269
\caption@width=\dimen270
\caption@indent=\dimen271
\caption@parindent=\dimen272
\caption@hangindent=\dimen273
Package caption Info: Standard document class detected.
)
\c@caption@flags=\count375
\c@continuedfloat=\count376
Package caption Info: float package is loaded.
Package caption Info: longtable package is loaded.

(c:/texlive/2025/texmf-dist/tex/latex/caption/ltcaption.sty
Package: ltcaption 2021/01/08 v1.4c longtable captions (AR)
)
Package caption Info: rotating package is loaded.
Package caption Info: scrextend package is loaded.
\caption@addmargin@hsize=\dimen274
\caption@addmargin@linewidth=\dimen275
Package caption Info: supertabular package is loaded.
Package caption Info: wrapfig package is loaded.
)
Package caption Info: New subtype `subfigure' on input line 238.
\c@subfigure=\count377
Package caption Info: New subtype `subtable' on input line 238.
\c@subtable=\count378
)
(c:/texlive/2025/texmf-dist/tex/latex/pgf/frontendlayer/tikz.sty
(c:/texlive/2025/texmf-dist/tex/latex/pgf/basiclayer/pgf.sty
(c:/texlive/2025/texmf-dist/tex/latex/pgf/utilities/pgfrcs.sty
(c:/texlive/2025/texmf-dist/tex/generic/pgf/utilities/pgfutil-common.tex
\pgfutil@everybye=\toks49
\pgfutil@tempdima=\dimen276
\pgfutil@tempdimb=\dimen277
)
(c:/texlive/2025/texmf-dist/tex/generic/pgf/utilities/pgfutil-latex.def
\pgfutil@abb=\box71
)
(c:/texlive/2025/texmf-dist/tex/generic/pgf/utilities/pgfrcs.code.tex
(c:/texlive/2025/texmf-dist/tex/generic/pgf/pgf.revision.tex)
Package: pgfrcs 2025-08-29 v3.1.11a (3.1.11a)
))
Package: pgf 2025-08-29 v3.1.11a (3.1.11a)

(c:/texlive/2025/texmf-dist/tex/latex/pgf/basiclayer/pgfcore.sty
(c:/texlive/2025/texmf-dist/tex/latex/pgf/systemlayer/pgfsys.sty
(c:/texlive/2025/texmf-dist/tex/generic/pgf/systemlayer/pgfsys.code.tex
Package: pgfsys 2025-08-29 v3.1.11a (3.1.11a)

(c:/texlive/2025/texmf-dist/tex/generic/pgf/utilities/pgfkeys.code.tex
\pgfkeys@pathtoks=\toks50
\pgfkeys@temptoks=\toks51

(c:/texlive/2025/texmf-dist/tex/generic/pgf/utilities/pgfkeyslibraryfiltered.co
de.tex
\pgfkeys@tmptoks=\toks52
))
\pgf@x=\dimen278
\pgf@y=\dimen279
\pgf@xa=\dimen280
\pgf@ya=\dimen281
\pgf@xb=\dimen282
\pgf@yb=\dimen283
\pgf@xc=\dimen284
\pgf@yc=\dimen285
\pgf@xd=\dimen286
\pgf@yd=\dimen287
\w@pgf@writea=\write3
\r@pgf@reada=\read3
\c@pgf@counta=\count379
\c@pgf@countb=\count380
\c@pgf@countc=\count381
\c@pgf@countd=\count382
\t@pgf@toka=\toks53
\t@pgf@tokb=\toks54
\t@pgf@tokc=\toks55
\pgf@sys@id@count=\count383
 (c:/texlive/2025/texmf-dist/tex/generic/pgf/systemlayer/pgf.cfg
File: pgf.cfg 2025-08-29 v3.1.11a (3.1.11a)
)
Driver file for pgf: pgfsys-pdftex.def

(c:/texlive/2025/texmf-dist/tex/generic/pgf/systemlayer/pgfsys-pdftex.def
File: pgfsys-pdftex.def 2025-08-29 v3.1.11a (3.1.11a)

(c:/texlive/2025/texmf-dist/tex/generic/pgf/systemlayer/pgfsys-common-pdf.def
File: pgfsys-common-pdf.def 2025-08-29 v3.1.11a (3.1.11a)
)))
(c:/texlive/2025/texmf-dist/tex/generic/pgf/systemlayer/pgfsyssoftpath.code.tex
File: pgfsyssoftpath.code.tex 2025-08-29 v3.1.11a (3.1.11a)
\pgfsyssoftpath@smallbuffer@items=\count384
\pgfsyssoftpath@bigbuffer@items=\count385
)
(c:/texlive/2025/texmf-dist/tex/generic/pgf/systemlayer/pgfsysprotocol.code.tex
File: pgfsysprotocol.code.tex 2025-08-29 v3.1.11a (3.1.11a)
)) (c:/texlive/2025/texmf-dist/tex/generic/pgf/basiclayer/pgfcore.code.tex
Package: pgfcore 2025-08-29 v3.1.11a (3.1.11a)

(c:/texlive/2025/texmf-dist/tex/generic/pgf/math/pgfmath.code.tex
(c:/texlive/2025/texmf-dist/tex/generic/pgf/math/pgfmathutil.code.tex)
(c:/texlive/2025/texmf-dist/tex/generic/pgf/math/pgfmathparser.code.tex
\pgfmath@dimen=\dimen288
\pgfmath@count=\count386
\pgfmath@box=\box72
\pgfmath@toks=\toks56
\pgfmath@stack@operand=\toks57
\pgfmath@stack@operation=\toks58
)
(c:/texlive/2025/texmf-dist/tex/generic/pgf/math/pgfmathfunctions.code.tex)
(c:/texlive/2025/texmf-dist/tex/generic/pgf/math/pgfmathfunctions.basic.code.te
x)
(c:/texlive/2025/texmf-dist/tex/generic/pgf/math/pgfmathfunctions.trigonometric
.code.tex)
(c:/texlive/2025/texmf-dist/tex/generic/pgf/math/pgfmathfunctions.random.code.t
ex)
(c:/texlive/2025/texmf-dist/tex/generic/pgf/math/pgfmathfunctions.comparison.co
de.tex)
(c:/texlive/2025/texmf-dist/tex/generic/pgf/math/pgfmathfunctions.base.code.tex
)
(c:/texlive/2025/texmf-dist/tex/generic/pgf/math/pgfmathfunctions.round.code.te
x)
(c:/texlive/2025/texmf-dist/tex/generic/pgf/math/pgfmathfunctions.misc.code.tex
)
(c:/texlive/2025/texmf-dist/tex/generic/pgf/math/pgfmathfunctions.integerarithm
etics.code.tex)
(c:/texlive/2025/texmf-dist/tex/generic/pgf/math/pgfmathcalc.code.tex)
(c:/texlive/2025/texmf-dist/tex/generic/pgf/math/pgfmathfloat.code.tex
\c@pgfmathroundto@lastzeros=\count387
))
(c:/texlive/2025/texmf-dist/tex/generic/pgf/math/pgfint.code.tex)
(c:/texlive/2025/texmf-dist/tex/generic/pgf/basiclayer/pgfcorepoints.code.tex
File: pgfcorepoints.code.tex 2025-08-29 v3.1.11a (3.1.11a)
\pgf@picminx=\dimen289
\pgf@picmaxx=\dimen290
\pgf@picminy=\dimen291
\pgf@picmaxy=\dimen292
\pgf@pathminx=\dimen293
\pgf@pathmaxx=\dimen294
\pgf@pathminy=\dimen295
\pgf@pathmaxy=\dimen296
\pgf@xx=\dimen297
\pgf@xy=\dimen298
\pgf@yx=\dimen299
\pgf@yy=\dimen300
\pgf@zx=\dimen301
\pgf@zy=\dimen302
)
(c:/texlive/2025/texmf-dist/tex/generic/pgf/basiclayer/pgfcorepathconstruct.cod
e.tex
File: pgfcorepathconstruct.code.tex 2025-08-29 v3.1.11a (3.1.11a)
\pgf@path@lastx=\dimen303
\pgf@path@lasty=\dimen304
)
(c:/texlive/2025/texmf-dist/tex/generic/pgf/basiclayer/pgfcorepathusage.code.te
x
File: pgfcorepathusage.code.tex 2025-08-29 v3.1.11a (3.1.11a)
\pgf@shorten@end@additional=\dimen305
\pgf@shorten@start@additional=\dimen306
)
(c:/texlive/2025/texmf-dist/tex/generic/pgf/basiclayer/pgfcorescopes.code.tex
File: pgfcorescopes.code.tex 2025-08-29 v3.1.11a (3.1.11a)
\pgfpic=\box73
\pgf@hbox=\box74
\pgf@layerbox@main=\box75
\pgf@picture@serial@count=\count388
)
(c:/texlive/2025/texmf-dist/tex/generic/pgf/basiclayer/pgfcoregraphicstate.code
.tex
File: pgfcoregraphicstate.code.tex 2025-08-29 v3.1.11a (3.1.11a)
\pgflinewidth=\dimen307
)
(c:/texlive/2025/texmf-dist/tex/generic/pgf/basiclayer/pgfcoretransformations.c
ode.tex
File: pgfcoretransformations.code.tex 2025-08-29 v3.1.11a (3.1.11a)
\pgf@pt@x=\dimen308
\pgf@pt@y=\dimen309
\pgf@pt@temp=\dimen310
)
(c:/texlive/2025/texmf-dist/tex/generic/pgf/basiclayer/pgfcorequick.code.tex
File: pgfcorequick.code.tex 2025-08-29 v3.1.11a (3.1.11a)
)
(c:/texlive/2025/texmf-dist/tex/generic/pgf/basiclayer/pgfcoreobjects.code.tex
File: pgfcoreobjects.code.tex 2025-08-29 v3.1.11a (3.1.11a)
)
(c:/texlive/2025/texmf-dist/tex/generic/pgf/basiclayer/pgfcorepathprocessing.co
de.tex
File: pgfcorepathprocessing.code.tex 2025-08-29 v3.1.11a (3.1.11a)
)
(c:/texlive/2025/texmf-dist/tex/generic/pgf/basiclayer/pgfcorearrows.code.tex
File: pgfcorearrows.code.tex 2025-08-29 v3.1.11a (3.1.11a)
\pgfarrowsep=\dimen311
)
(c:/texlive/2025/texmf-dist/tex/generic/pgf/basiclayer/pgfcoreshade.code.tex
File: pgfcoreshade.code.tex 2025-08-29 v3.1.11a (3.1.11a)
\pgf@max=\dimen312
\pgf@sys@shading@range@num=\count389
\pgf@shadingcount=\count390
)
(c:/texlive/2025/texmf-dist/tex/generic/pgf/basiclayer/pgfcoreimage.code.tex
File: pgfcoreimage.code.tex 2025-08-29 v3.1.11a (3.1.11a)
)
(c:/texlive/2025/texmf-dist/tex/generic/pgf/basiclayer/pgfcoreexternal.code.tex
File: pgfcoreexternal.code.tex 2025-08-29 v3.1.11a (3.1.11a)
\pgfexternal@startupbox=\box76
) (c:/texlive/2025/texmf-dist/tex/generic/pgf/basiclayer/pgfcorelayers.code.tex
File: pgfcorelayers.code.tex 2025-08-29 v3.1.11a (3.1.11a)
)
(c:/texlive/2025/texmf-dist/tex/generic/pgf/basiclayer/pgfcoretransparency.code
.tex
File: pgfcoretransparency.code.tex 2025-08-29 v3.1.11a (3.1.11a)
)
(c:/texlive/2025/texmf-dist/tex/generic/pgf/basiclayer/pgfcorepatterns.code.tex
File: pgfcorepatterns.code.tex 2025-08-29 v3.1.11a (3.1.11a)
) (c:/texlive/2025/texmf-dist/tex/generic/pgf/basiclayer/pgfcorerdf.code.tex
File: pgfcorerdf.code.tex 2025-08-29 v3.1.11a (3.1.11a)
))) (c:/texlive/2025/texmf-dist/tex/generic/pgf/modules/pgfmoduleshapes.code.te
x
File: pgfmoduleshapes.code.tex 2025-08-29 v3.1.11a (3.1.11a)
\pgfnodeparttextbox=\box77
)
(c:/texlive/2025/texmf-dist/tex/generic/pgf/modules/pgfmoduleplot.code.tex
File: pgfmoduleplot.code.tex 2025-08-29 v3.1.11a (3.1.11a)
)
(c:/texlive/2025/texmf-dist/tex/latex/pgf/compatibility/pgfcomp-version-0-65.st
y
Package: pgfcomp-version-0-65 2025-08-29 v3.1.11a (3.1.11a)
\pgf@nodesepstart=\dimen313
\pgf@nodesepend=\dimen314
)
(c:/texlive/2025/texmf-dist/tex/latex/pgf/compatibility/pgfcomp-version-1-18.st
y
Package: pgfcomp-version-1-18 2025-08-29 v3.1.11a (3.1.11a)
)) (c:/texlive/2025/texmf-dist/tex/latex/pgf/utilities/pgffor.sty
(c:/texlive/2025/texmf-dist/tex/latex/pgf/utilities/pgfkeys.sty
(c:/texlive/2025/texmf-dist/tex/generic/pgf/utilities/pgfkeys.code.tex))
(c:/texlive/2025/texmf-dist/tex/latex/pgf/math/pgfmath.sty
(c:/texlive/2025/texmf-dist/tex/generic/pgf/math/pgfmath.code.tex))
(c:/texlive/2025/texmf-dist/tex/generic/pgf/utilities/pgffor.code.tex
Package: pgffor 2025-08-29 v3.1.11a (3.1.11a)
\pgffor@iter=\dimen315
\pgffor@skip=\dimen316
\pgffor@stack=\toks59
\pgffor@toks=\toks60
))
(c:/texlive/2025/texmf-dist/tex/generic/pgf/frontendlayer/tikz/tikz.code.tex
Package: tikz 2025-08-29 v3.1.11a (3.1.11a)

(c:/texlive/2025/texmf-dist/tex/generic/pgf/libraries/pgflibraryplothandlers.co
de.tex
File: pgflibraryplothandlers.code.tex 2025-08-29 v3.1.11a (3.1.11a)
\pgf@plot@mark@count=\count391
\pgfplotmarksize=\dimen317
)
\tikz@lastx=\dimen318
\tikz@lasty=\dimen319
\tikz@lastxsaved=\dimen320
\tikz@lastysaved=\dimen321
\tikz@lastmovetox=\dimen322
\tikz@lastmovetoy=\dimen323
\tikzleveldistance=\dimen324
\tikzsiblingdistance=\dimen325
\tikz@figbox=\box78
\tikz@figbox@bg=\box79
\tikz@tempbox=\box80
\tikz@tempbox@bg=\box81
\tikztreelevel=\count392
\tikznumberofchildren=\count393
\tikznumberofcurrentchild=\count394
\tikz@fig@count=\count395

(c:/texlive/2025/texmf-dist/tex/generic/pgf/modules/pgfmodulematrix.code.tex
File: pgfmodulematrix.code.tex 2025-08-29 v3.1.11a (3.1.11a)
\pgfmatrixcurrentrow=\count396
\pgfmatrixcurrentcolumn=\count397
\pgf@matrix@numberofcolumns=\count398
)
\tikz@expandcount=\count399

(c:/texlive/2025/texmf-dist/tex/generic/pgf/frontendlayer/tikz/libraries/tikzli
brarytopaths.code.tex
File: tikzlibrarytopaths.code.tex 2025-08-29 v3.1.11a (3.1.11a)
)))
(c:/texlive/2025/texmf-dist/tex/latex/mdframed/mdframed.sty
Package: mdframed 2013/07/01 1.9b: mdframed

(c:/texlive/2025/texmf-dist/tex/latex/kvoptions/kvoptions.sty
Package: kvoptions 2022-06-15 v3.15 Key value format for package options (HO)

(c:/texlive/2025/texmf-dist/tex/generic/ltxcmds/ltxcmds.sty
Package: ltxcmds 2023-12-04 v1.26 LaTeX kernel commands for general use (HO)
)
(c:/texlive/2025/texmf-dist/tex/latex/kvsetkeys/kvsetkeys.sty
Package: kvsetkeys 2022-10-05 v1.19 Key value parser (HO)
))
(c:/texlive/2025/texmf-dist/tex/latex/l3packages/xparse/xparse.sty
(c:/texlive/2025/texmf-dist/tex/latex/l3kernel/expl3.sty
Package: expl3 2025-08-13 L3 programming layer (loader) 

(c:/texlive/2025/texmf-dist/tex/latex/l3backend/l3backend-pdftex.def
File: l3backend-pdftex.def 2025-06-09 L3 backend support: PDF output (pdfTeX)
\l__color_backend_stack_int=\count400
))
Package: xparse 2024-08-16 L3 Experimental document command parser
)
(c:/texlive/2025/texmf-dist/tex/latex/zref/zref-abspage.sty
Package: zref-abspage 2025-06-08 v2.36 Module abspage for zref (HO)

(c:/texlive/2025/texmf-dist/tex/latex/zref/zref-base.sty
Package: zref-base 2025-06-08 v2.36 Module base for zref (HO)

(c:/texlive/2025/texmf-dist/tex/generic/infwarerr/infwarerr.sty
Package: infwarerr 2019/12/03 v1.5 Providing info/warning/error messages (HO)
)
(c:/texlive/2025/texmf-dist/tex/generic/kvdefinekeys/kvdefinekeys.sty
Package: kvdefinekeys 2019-12-19 v1.6 Define keys (HO)
)
(c:/texlive/2025/texmf-dist/tex/generic/pdftexcmds/pdftexcmds.sty
Package: pdftexcmds 2020-06-27 v0.33 Utility functions of pdfTeX for LuaTeX (HO
)
Package pdftexcmds Info: \pdf@primitive is available.
Package pdftexcmds Info: \pdf@ifprimitive is available.
Package pdftexcmds Info: \pdfdraftmode found.
)
(c:/texlive/2025/texmf-dist/tex/generic/etexcmds/etexcmds.sty
Package: etexcmds 2019/12/15 v1.7 Avoid name clashes with e-TeX commands (HO)
)
(c:/texlive/2025/texmf-dist/tex/latex/auxhook/auxhook.sty
Package: auxhook 2019-12-17 v1.6 Hooks for auxiliary files (HO)
)
Package zref Info: New property list: main on input line 767.
Package zref Info: New property: default on input line 768.
Package zref Info: New property: page on input line 769.
)
\c@abspage=\count401
Package zref Info: New property: abspage on input line 67.
)
(c:/texlive/2025/texmf-dist/tex/latex/needspace/needspace.sty
Package: needspace 2025/03/13 v1.3e reserve vertical space
)
\mdf@templength=\skip125
\c@mdf@globalstyle@cnt=\count402
\mdf@skipabove@length=\skip126
\mdf@skipbelow@length=\skip127
\mdf@leftmargin@length=\skip128
\mdf@rightmargin@length=\skip129
\mdf@innerleftmargin@length=\skip130
\mdf@innerrightmargin@length=\skip131
\mdf@innertopmargin@length=\skip132
\mdf@innerbottommargin@length=\skip133
\mdf@splittopskip@length=\skip134
\mdf@splitbottomskip@length=\skip135
\mdf@outermargin@length=\skip136
\mdf@innermargin@length=\skip137
\mdf@linewidth@length=\skip138
\mdf@innerlinewidth@length=\skip139
\mdf@middlelinewidth@length=\skip140
\mdf@outerlinewidth@length=\skip141
\mdf@roundcorner@length=\skip142
\mdf@footenotedistance@length=\skip143
\mdf@userdefinedwidth@length=\skip144
\mdf@needspace@length=\skip145
\mdf@frametitleaboveskip@length=\skip146
\mdf@frametitlebelowskip@length=\skip147
\mdf@frametitlerulewidth@length=\skip148
\mdf@frametitleleftmargin@length=\skip149
\mdf@frametitlerightmargin@length=\skip150
\mdf@shadowsize@length=\skip151
\mdf@extratopheight@length=\skip152
\mdf@subtitleabovelinewidth@length=\skip153
\mdf@subtitlebelowlinewidth@length=\skip154
\mdf@subtitleaboveskip@length=\skip155
\mdf@subtitlebelowskip@length=\skip156
\mdf@subtitleinneraboveskip@length=\skip157
\mdf@subtitleinnerbelowskip@length=\skip158
\mdf@subsubtitleabovelinewidth@length=\skip159
\mdf@subsubtitlebelowlinewidth@length=\skip160
\mdf@subsubtitleaboveskip@length=\skip161
\mdf@subsubtitlebelowskip@length=\skip162
\mdf@subsubtitleinneraboveskip@length=\skip163
\mdf@subsubtitleinnerbelowskip@length=\skip164

(c:/texlive/2025/texmf-dist/tex/latex/mdframed/md-frame-0.mdf
File: md-frame-0.mdf 2013/07/01\ 1.9b: md-frame-0
)
\mdf@frametitlebox=\box82
\mdf@footnotebox=\box83
\mdf@splitbox@one=\box84
\mdf@splitbox@two=\box85
\mdf@splitbox@save=\box86
\mdfsplitboxwidth=\skip165
\mdfsplitboxtotalwidth=\skip166
\mdfsplitboxheight=\skip167
\mdfsplitboxdepth=\skip168
\mdfsplitboxtotalheight=\skip169
\mdfframetitleboxwidth=\skip170
\mdfframetitleboxtotalwidth=\skip171
\mdfframetitleboxheight=\skip172
\mdfframetitleboxdepth=\skip173
\mdfframetitleboxtotalheight=\skip174
\mdffootnoteboxwidth=\skip175
\mdffootnoteboxtotalwidth=\skip176
\mdffootnoteboxheight=\skip177
\mdffootnoteboxdepth=\skip178
\mdffootnoteboxtotalheight=\skip179
\mdftotallinewidth=\skip180
\mdfboundingboxwidth=\skip181
\mdfboundingboxtotalwidth=\skip182
\mdfboundingboxheight=\skip183
\mdfboundingboxdepth=\skip184
\mdfboundingboxtotalheight=\skip185
\mdf@freevspace@length=\skip186
\mdf@horizontalwidthofbox@length=\skip187
\mdf@verticalmarginwhole@length=\skip188
\mdf@horizontalspaceofbox=\skip189
\mdfsubtitleheight=\skip190
\mdfsubsubtitleheight=\skip191
\c@mdfcountframes=\count403

****** mdframed patching \endmdf@trivlist

****** -- success******

\mdf@envdepth=\count404
\c@mdf@env@i=\count405
\c@mdf@env@ii=\count406
\c@mdf@zref@counter=\count407
Package zref Info: New property: mdf@pagevalue on input line 895.
)
(c:/texlive/2025/texmf-dist/tex/latex/booktabs/booktabs.sty
Package: booktabs 2020/01/12 v1.61803398 Publication quality tables
\heavyrulewidth=\dimen326
\lightrulewidth=\dimen327
\cmidrulewidth=\dimen328
\belowrulesep=\dimen329
\belowbottomsep=\dimen330
\aboverulesep=\dimen331
\abovetopsep=\dimen332
\cmidrulesep=\dimen333
\cmidrulekern=\dimen334
\defaultaddspace=\dimen335
\@cmidla=\count408
\@cmidlb=\count409
\@aboverulesep=\dimen336
\@belowrulesep=\dimen337
\@thisruleclass=\count410
\@lastruleclass=\count411
\@thisrulewidth=\dimen338
)
(c:/texlive/2025/texmf-dist/tex/latex/tools/tabularx.sty
Package: tabularx 2023/12/11 v2.12a `tabularx' package (DPC)
\TX@col@width=\dimen339
\TX@old@table=\dimen340
\TX@old@col=\dimen341
\TX@target=\dimen342
\TX@delta=\dimen343
\TX@cols=\count412
\TX@ftn=\toks61
)
(c:/texlive/2025/texmf-dist/tex/latex/multirow/multirow.sty
Package: multirow 2024/11/12 v2.9 Span multiple rows of a table
\multirow@colwidth=\skip192
\multirow@cntb=\count413
\multirow@dima=\skip193
\bigstrutjot=\dimen344
)
(c:/texlive/2025/texmf-dist/tex/latex/tools/hhline.sty
Package: hhline 2020/01/04 v2.04 Table rule package (DPC)
)
(c:/texlive/2025/texmf-dist/tex/latex/enumitem/enumitem.sty
Package: enumitem 2025/02/06 v3.11 Customized lists
\labelindent=\skip194
\enit@outerparindent=\dimen345
\enit@toks=\toks62
\enit@inbox=\box87
\enit@count@id=\count414
\enitdp@description=\count415
)
(c:/texlive/2025/texmf-dist/tex/latex/ragged2e/ragged2e.sty
Package: ragged2e 2023/06/22 v3.6 ragged2e Package
\CenteringLeftskip=\skip195
\RaggedLeftLeftskip=\skip196
\RaggedRightLeftskip=\skip197
\CenteringRightskip=\skip198
\RaggedLeftRightskip=\skip199
\RaggedRightRightskip=\skip256
\CenteringParfillskip=\skip257
\RaggedLeftParfillskip=\skip258
\RaggedRightParfillskip=\skip259
\JustifyingParfillskip=\skip260
\CenteringParindent=\skip261
\RaggedLeftParindent=\skip262
\RaggedRightParindent=\skip263
\JustifyingParindent=\skip264
)
(c:/texlive/2025/texmf-dist/tex/latex/hyphenat/hyphenat.sty
Package: hyphenat 2009/09/02 v2.3c hyphenation utilities
\langwohyphens=\language91
LaTeX Info: Redefining \_ on input line 43.
)
(c:/texlive/2025/texmf-dist/tex/latex/hyperref/hyperref.sty
Package: hyperref 2025-07-12 v7.01o Hypertext links for LaTeX

(c:/texlive/2025/texmf-dist/tex/generic/pdfescape/pdfescape.sty
Package: pdfescape 2019/12/09 v1.15 Implements pdfTeX's escape features (HO)
)
(c:/texlive/2025/texmf-dist/tex/latex/hycolor/hycolor.sty
Package: hycolor 2020-01-27 v1.10 Color options for hyperref/bookmark (HO)
)
(c:/texlive/2025/texmf-dist/tex/latex/hyperref/nameref.sty
Package: nameref 2025-06-21 v2.57 Cross-referencing by name of section

(c:/texlive/2025/texmf-dist/tex/latex/refcount/refcount.sty
Package: refcount 2019/12/15 v3.6 Data extraction from label references (HO)
)
(c:/texlive/2025/texmf-dist/tex/generic/gettitlestring/gettitlestring.sty
Package: gettitlestring 2019/12/15 v1.6 Cleanup title references (HO)
)
\c@section@level=\count416
)
(c:/texlive/2025/texmf-dist/tex/generic/stringenc/stringenc.sty
Package: stringenc 2019/11/29 v1.12 Convert strings between diff. encodings (HO
)
)
\@linkdim=\dimen346
\Hy@linkcounter=\count417
\Hy@pagecounter=\count418

(c:/texlive/2025/texmf-dist/tex/latex/hyperref/pd1enc.def
File: pd1enc.def 2025-07-12 v7.01o Hyperref: PDFDocEncoding definition (HO)
Now handling font encoding PD1 ...
... no UTF-8 mapping file for font encoding PD1
)
(c:/texlive/2025/texmf-dist/tex/generic/intcalc/intcalc.sty
Package: intcalc 2019/12/15 v1.3 Expandable calculations with integers (HO)
)
\Hy@SavedSpaceFactor=\count419

(c:/texlive/2025/texmf-dist/tex/latex/hyperref/puenc.def
File: puenc.def 2025-07-12 v7.01o Hyperref: PDF Unicode definition (HO)
Now handling font encoding PU ...
... no UTF-8 mapping file for font encoding PU
)
Package hyperref Info: Hyper figures OFF on input line 4195.
Package hyperref Info: Link nesting OFF on input line 4200.
Package hyperref Info: Hyper index ON on input line 4203.
Package hyperref Info: Plain pages OFF on input line 4210.
Package hyperref Info: Backreferencing OFF on input line 4215.
Package hyperref Info: Implicit mode ON; LaTeX internals redefined.
Package hyperref Info: Bookmarks ON on input line 4462.
\c@Hy@tempcnt=\count420

(c:/texlive/2025/texmf-dist/tex/latex/url/url.sty
\Urlmuskip=\muskip18
Package: url 2013/09/16  ver 3.4  Verb mode for urls, etc.
)
LaTeX Info: Redefining \url on input line 4801.
\XeTeXLinkMargin=\dimen347

(c:/texlive/2025/texmf-dist/tex/generic/bitset/bitset.sty
Package: bitset 2019/12/09 v1.3 Handle bit-vector datatype (HO)

(c:/texlive/2025/texmf-dist/tex/generic/bigintcalc/bigintcalc.sty
Package: bigintcalc 2019/12/15 v1.5 Expandable calculations on big integers (HO
)
))
\Fld@menulength=\count421
\Field@Width=\dimen348
\Fld@charsize=\dimen349
Package hyperref Info: Hyper figures OFF on input line 6078.
Package hyperref Info: Link nesting OFF on input line 6083.
Package hyperref Info: Hyper index ON on input line 6086.
Package hyperref Info: backreferencing OFF on input line 6093.
Package hyperref Info: Link coloring OFF on input line 6098.
Package hyperref Info: Link coloring with OCG OFF on input line 6103.
Package hyperref Info: PDF/A mode OFF on input line 6108.
\Hy@abspage=\count422
\c@Item=\count423
\c@Hfootnote=\count424
)
Package hyperref Info: Driver (autodetected): hpdftex.

(c:/texlive/2025/texmf-dist/tex/latex/hyperref/hpdftex.def
File: hpdftex.def 2025-07-12 v7.01o Hyperref driver for pdfTeX
\HyAnn@Count=\count425
\Fld@listcount=\count426
\c@bookmark@seq@number=\count427

(c:/texlive/2025/texmf-dist/tex/latex/rerunfilecheck/rerunfilecheck.sty
Package: rerunfilecheck 2025-06-21 v1.11 Rerun checks for auxiliary files (HO)

(c:/texlive/2025/texmf-dist/tex/generic/uniquecounter/uniquecounter.sty
Package: uniquecounter 2019/12/15 v1.4 Provide unlimited unique counter (HO)
)
Package uniquecounter Info: New unique counter `rerunfilecheck' on input line 2
84.
)
\Hy@SectionHShift=\skip265
)
(c:/texlive/2025/texmf-dist/tex/latex/fancyref/fancyref.sty
Package: fancyref 1999/02/03 v0.9c Fancy cross-referencing

(c:/texlive/2025/texmf-dist/tex/latex/tools/varioref.sty
Package: varioref 2025/01/14 v1.6g package for extended references (FMi)
\c@vrcnt=\count428
))
(c:/texlive/2025/texmf-dist/tex/latex/acronym/acronym.sty
Package: acronym 2025/01/17 v1.50 Support for acronyms (Tobias Oetiker)

(c:/texlive/2025/texmf-dist/tex/latex/bigfoot/suffix.sty
Package: suffix 2006/07/15 1.5a Variant command support
)
(c:/texlive/2025/texmf-dist/tex/generic/xstring/xstring.sty
(c:/texlive/2025/texmf-dist/tex/generic/xstring/xstring.tex
\xs_counta=\count429
\xs_countb=\count430
)
Package: xstring 2023/08/22 v1.86 String manipulations (CT)
)
\AC@clearlist=\toks63
)
(c:/texlive/2025/texmf-dist/tex/latex/biblatex/biblatex.sty
Package: biblatex 2025/07/10 v3.21 programmable bibliographies (PK/MW)

(c:/texlive/2025/texmf-dist/tex/latex/logreq/logreq.sty
Package: logreq 2010/08/04 v1.0 xml request logger
\lrq@indent=\count431

(c:/texlive/2025/texmf-dist/tex/latex/logreq/logreq.def
File: logreq.def 2010/08/04 v1.0 logreq spec v1.0
))
\c@tabx@nest=\count432
\c@listtotal=\count433
\c@listcount=\count434
\c@liststart=\count435
\c@liststop=\count436
\c@citecount=\count437
\c@citetotal=\count438
\c@multicitecount=\count439
\c@multicitetotal=\count440
\c@instcount=\count441
\c@maxnames=\count442
\c@minnames=\count443
\c@maxitems=\count444
\c@minitems=\count445
\c@citecounter=\count446
\c@maxcitecounter=\count447
\c@savedcitecounter=\count448
\c@uniquelist=\count449
\c@uniquename=\count450
\c@refsection=\count451
\c@refsegment=\count452
\c@maxextratitle=\count453
\c@maxextratitleyear=\count454
\c@maxextraname=\count455
\c@maxextradate=\count456
\c@maxextraalpha=\count457
\c@abbrvpenalty=\count458
\c@highnamepenalty=\count459
\c@lownamepenalty=\count460
\c@maxparens=\count461
\c@parenlevel=\count462
\blx@tempcnta=\count463
\blx@tempcntb=\count464
\blx@tempcntc=\count465
\c@blx@maxsection=\count466
\blx@maxsegment@0=\count467
\blx@notetype=\count468
\blx@parenlevel@text=\count469
\blx@parenlevel@foot=\count470
\blx@sectionciteorder@0=\count471
\blx@sectionciteorderinternal@0=\count472
\blx@entrysetcounter=\count473
\blx@biblioinstance=\count474
\labelnumberwidth=\skip266
\labelalphawidth=\skip267
\biblabelsep=\skip268
\bibitemsep=\skip269
\bibnamesep=\skip270
\bibinitsep=\skip271
\bibparsep=\skip272
\bibhang=\skip273
\blx@bcfin=\read4
\blx@bcfout=\write4
\blx@langwohyphens=\language92
\c@mincomprange=\count475
\c@maxcomprange=\count476
\c@mincompwidth=\count477
Package biblatex Info: Trying to load biblatex default data model...
Package biblatex Info: ... file 'blx-dm.def' found.

(c:/texlive/2025/texmf-dist/tex/latex/biblatex/blx-dm.def
File: blx-dm.def 2025/07/10 v3.21 biblatex datamodel (PK/MW)
)
Package biblatex Info: Trying to load biblatex style data model...
Package biblatex Info: ... file 'authoryear.dbx' not found.
Package biblatex Info: Trying to load biblatex custom data model...
Package biblatex Info: ... file 'biblatex-dm.cfg' not found.
\c@afterword=\count478
\c@savedafterword=\count479
\c@annotator=\count480
\c@savedannotator=\count481
\c@author=\count482
\c@savedauthor=\count483
\c@bookauthor=\count484
\c@savedbookauthor=\count485
\c@commentator=\count486
\c@savedcommentator=\count487
\c@editor=\count488
\c@savededitor=\count489
\c@editora=\count490
\c@savededitora=\count491
\c@editorb=\count492
\c@savededitorb=\count493
\c@editorc=\count494
\c@savededitorc=\count495
\c@foreword=\count496
\c@savedforeword=\count497
\c@holder=\count498
\c@savedholder=\count499
\c@introduction=\count500
\c@savedintroduction=\count501
\c@namea=\count502
\c@savednamea=\count503
\c@nameb=\count504
\c@savednameb=\count505
\c@namec=\count506
\c@savednamec=\count507
\c@translator=\count508
\c@savedtranslator=\count509
\c@shortauthor=\count510
\c@savedshortauthor=\count511
\c@shorteditor=\count512
\c@savedshorteditor=\count513
\c@labelname=\count514
\c@savedlabelname=\count515
\c@institution=\count516
\c@savedinstitution=\count517
\c@lista=\count518
\c@savedlista=\count519
\c@listb=\count520
\c@savedlistb=\count521
\c@listc=\count522
\c@savedlistc=\count523
\c@listd=\count524
\c@savedlistd=\count525
\c@liste=\count526
\c@savedliste=\count527
\c@listf=\count528
\c@savedlistf=\count529
\c@location=\count530
\c@savedlocation=\count531
\c@organization=\count532
\c@savedorganization=\count533
\c@origlocation=\count534
\c@savedoriglocation=\count535
\c@origpublisher=\count536
\c@savedorigpublisher=\count537
\c@publisher=\count538
\c@savedpublisher=\count539
\c@language=\count540
\c@savedlanguage=\count541
\c@origlanguage=\count542
\c@savedoriglanguage=\count543
\c@pageref=\count544
\c@savedpageref=\count545
\shorthandwidth=\skip274
\shortjournalwidth=\skip275
\shortserieswidth=\skip276
\shorttitlewidth=\skip277
\shortauthorwidth=\skip278
\shorteditorwidth=\skip279
\locallabelnumberwidth=\skip280
\locallabelalphawidth=\skip281
\localshorthandwidth=\skip282
\localshortjournalwidth=\skip283
\localshortserieswidth=\skip284
\localshorttitlewidth=\skip285
\localshortauthorwidth=\skip286
\localshorteditorwidth=\skip287
Package biblatex Info: Trying to load compatibility code...
Package biblatex Info: ... file 'blx-compat.def' found.

(c:/texlive/2025/texmf-dist/tex/latex/biblatex/blx-compat.def
File: blx-compat.def 2025/07/10 v3.21 biblatex compatibility (PK/MW)
)
Package biblatex Info: Trying to load generic definitions...
Package biblatex Info: ... file 'biblatex.def' found.

(c:/texlive/2025/texmf-dist/tex/latex/biblatex/biblatex.def
File: biblatex.def 2025/07/10 v3.21 biblatex compatibility (PK/MW)
\c@textcitecount=\count546
\c@textcitetotal=\count547
\c@textcitemaxnames=\count548
\c@biburlbigbreakpenalty=\count549
\c@biburlbreakpenalty=\count550
\c@biburlnumpenalty=\count551
\c@biburlucpenalty=\count552
\c@biburllcpenalty=\count553
\biburlbigskip=\muskip19
\biburlnumskip=\muskip20
\biburlucskip=\muskip21
\biburllcskip=\muskip22
\c@smartand=\count554
)
Package biblatex Info: Trying to load bibliography style 'authoryear'...
Package biblatex Info: ... file 'authoryear.bbx' found.

(c:/texlive/2025/texmf-dist/tex/latex/biblatex/bbx/authoryear.bbx
File: authoryear.bbx 2025/07/10 v3.21 biblatex bibliography style (PK/MW)
Package biblatex Info: Trying to load bibliography style 'standard'...
Package biblatex Info: ... file 'standard.bbx' found.

(c:/texlive/2025/texmf-dist/tex/latex/biblatex/bbx/standard.bbx
File: standard.bbx 2025/07/10 v3.21 biblatex bibliography style (PK/MW)
\c@bbx:relatedcount=\count555
\c@bbx:relatedtotal=\count556
))
Package biblatex Info: Trying to load citation style 'authoryear'...
Package biblatex Info: ... file 'authoryear.cbx' found.

(c:/texlive/2025/texmf-dist/tex/latex/biblatex/cbx/authoryear.cbx
File: authoryear.cbx 2025/07/10 v3.21 biblatex citation style (PK/MW)
Package biblatex Info: Redefining '\cite'.
Package biblatex Info: Redefining '\parencite'.
Package biblatex Info: Redefining '\footcite'.
Package biblatex Info: Redefining '\footcitetext'.
Package biblatex Info: Redefining '\smartcite'.
Package biblatex Info: Redefining '\textcite'.
Package biblatex Info: Redefining '\textcites'.
)
Package biblatex Info: Trying to load configuration file...
Package biblatex Info: ... file 'biblatex.cfg' found.

(c:/texlive/2025/texmf-dist/tex/latex/biblatex/biblatex.cfg
File: biblatex.cfg 
)
Package biblatex Info: Input encoding 'utf8' detected.
Package biblatex Info: Document encoding is UTF8 ....
Package biblatex Info: ... and expl3
(biblatex)             2025-08-13 L3 programming layer (loader) 
(biblatex)             is new enough (at least 2020/04/06),
(biblatex)             setting 'casechanger=expl3'.

(c:/texlive/2025/texmf-dist/tex/latex/biblatex/blx-case-expl3.sty
Package: blx-case-expl3 2025/07/10 v3.21 expl3 case changing code for biblatex
))
(c:/texlive/2025/texmf-dist/tex/latex/fancyvrb/fancyvrb.sty
Package: fancyvrb 2025/07/28 4.6 verbatim text (tvz,hv)
\FV@CodeLineNo=\count557
\FV@InFile=\read5
\FV@TabBox=\box88
\c@FancyVerbLine=\count558
\FV@StepNumber=\count559
\FV@OutFile=\write5
)
(c:/texlive/2025/texmf-dist/tex/latex/amscls/amsthm.sty
Package: amsthm 2020/05/29 v2.20.6
\thm@style=\toks64
\thm@bodyfont=\toks65
\thm@headfont=\toks66
\thm@notefont=\toks67
\thm@headpunct=\toks68
\thm@preskip=\skip288
\thm@postskip=\skip289
\thm@headsep=\skip290
\dth@everypar=\toks69
)
(c:/texlive/2025/texmf-dist/tex/latex/amsfonts/amssymb.sty
Package: amssymb 2013/01/14 v3.01 AMS font symbols

(c:/texlive/2025/texmf-dist/tex/latex/amsfonts/amsfonts.sty
Package: amsfonts 2013/01/14 v3.01 Basic AMSFonts support
\symAMSa=\mathgroup4
\symAMSb=\mathgroup5
LaTeX Font Info:    Redeclaring math symbol \hbar on input line 98.
LaTeX Font Info:    Overwriting math alphabet `\mathfrak' in version `bold'
(Font)                  U/euf/m/n --> U/euf/b/n on input line 106.
))
(c:/texlive/2025/texmf-dist/tex/latex/tools/bm.sty
Package: bm 2023/12/19 v1.2f Bold Symbol Support (DPC/FMi)
\symboldoperators=\mathgroup6
\symboldletters=\mathgroup7
\symboldsymbols=\mathgroup8
Package bm Info: No bold for \OMX/cmex/m/n, using \pmb.
Package bm Info: No bold for \U/msa/m/n, using \pmb.
Package bm Info: No bold for \U/msb/m/n, using \pmb.
LaTeX Font Info:    Redeclaring math alphabet \mathbf on input line 149.
)

Package biblatex Warning: 'babel/polyglossia' detected but 'csquotes' missing.
(biblatex)                Loading 'csquotes' recommended.

\@quotelevel=\count560
\@quotereset=\count561
LaTeX Font Info:    Trying to load font information for T1+EBGaramond-OsF on in
put line 134.
(c:/texlive/2025/texmf-dist/tex/latex/ebgaramond/T1EBGaramond-OsF.fd
File: T1EBGaramond-OsF.fd 2023/03/19 (autoinst) Font definitions for T1/EBGaram
ond-OsF.
)
LaTeX Font Info:    Font shape `T1/EBGaramond-OsF/m/n' will be
(Font)              scaled to size 10.95pt on input line 134.

(./0_main.aux (./0_documentproperties.aux) (./0_titlepage.aux)
(./i_declaration.aux) (./ii_abstract.aux) (./iii_acknowledgments.aux)
(./1_intro.aux) (./2_review.aux) (./3_theory.aux) (./4_data.aux)
(./5_characterisation.aux) (./6_pipeline.aux) (./7_results.aux)
(./8_discussion.aux) (./9_conclusion.aux) (./A_appendix.aux) (./B_gitrepo.aux)
(./C_ethics.aux))
\openout1 = `0_main.aux'.

LaTeX Font Info:    Checking defaults for OML/cmm/m/it on input line 134.
LaTeX Font Info:    ... okay on input line 134.
LaTeX Font Info:    Checking defaults for OMS/cmsy/m/n on input line 134.
LaTeX Font Info:    ... okay on input line 134.
LaTeX Font Info:    Checking defaults for OT1/cmr/m/n on input line 134.
LaTeX Font Info:    ... okay on input line 134.
LaTeX Font Info:    Checking defaults for T1/cmr/m/n on input line 134.
LaTeX Font Info:    ... okay on input line 134.
LaTeX Font Info:    Checking defaults for TS1/cmr/m/n on input line 134.
LaTeX Font Info:    ... okay on input line 134.
LaTeX Font Info:    Checking defaults for OMX/cmex/m/n on input line 134.
LaTeX Font Info:    ... okay on input line 134.
LaTeX Font Info:    Checking defaults for U/cmr/m/n on input line 134.
LaTeX Font Info:    ... okay on input line 134.
LaTeX Font Info:    Checking defaults for PD1/pdf/m/n on input line 134.
LaTeX Font Info:    ... okay on input line 134.
LaTeX Font Info:    Checking defaults for PU/pdf/m/n on input line 134.
LaTeX Font Info:    ... okay on input line 134.

*geometry* driver: auto-detecting
*geometry* detected driver: pdftex
*geometry* verbose mode - [ preamble ] result:
* driver: pdftex
* paper: a4paper
* layout: <same size as paper>
* layoutoffset:(h,v)=(0.0pt,0.0pt)
* modes: 
* h-part:(L,W,R)=(42.67912pt, 512.14963pt, 42.67912pt)
* v-part:(T,H,B)=(42.67912pt, 759.6886pt, 42.67912pt)
* \paperwidth=597.50787pt
* \paperheight=845.04684pt
* \textwidth=512.14963pt
* \textheight=759.6886pt
* \oddsidemargin=-29.59087pt
* \evensidemargin=-29.59087pt
* \topmargin=-61.46466pt
* \headheight=12.0pt
* \headsep=19.8738pt
* \topskip=11.0pt
* \footskip=27.46295pt
* \marginparwidth=53.0pt
* \marginparsep=7.0pt
* \columnsep=10.0pt
* \skip\footins=10.0pt plus 4.0pt minus 2.0pt
* \hoffset=0.0pt
* \voffset=0.0pt
* \mag=1000
* \@twocolumnfalse
* \@twosidefalse
* \@mparswitchfalse
* \@reversemarginfalse
* (1in=72.27pt=25.4mm, 1cm=28.453pt)

(c:/texlive/2025/texmf-dist/tex/context/base/mkii/supp-pdf.mkii
[Loading MPS to PDF converter (version 2006.09.02).]
\scratchcounter=\count562
\scratchdimen=\dimen350
\scratchbox=\box89
\nofMPsegments=\count563
\nofMParguments=\count564
\everyMPshowfont=\toks70
\MPscratchCnt=\count565
\MPscratchDim=\dimen351
\MPnumerator=\count566
\makeMPintoPDFobject=\count567
\everyMPtoPDFconversion=\toks71
) (c:/texlive/2025/texmf-dist/tex/latex/epstopdf-pkg/epstopdf-base.sty
Package: epstopdf-base 2020-01-24 v2.11 Base part for package epstopdf
Package epstopdf-base Info: Redefining graphics rule for `.eps' on input line 4
85.

(c:/texlive/2025/texmf-dist/tex/latex/latexconfig/epstopdf-sys.cfg
File: epstopdf-sys.cfg 2010/07/13 v1.3 Configuration of (r)epstopdf for TeX Liv
e
))
(c:/texlive/2025/texmf-dist/tex/latex/pdflscape/pdflscape.sty
Package: pdflscape 2025-06-23 v0.14 Display of landscape pages in PDF

(c:/texlive/2025/texmf-dist/tex/latex/pdflscape/pdflscape-nometadata.sty
Package: pdflscape-nometadata 2025-06-23 v0.14 Display of landscape pages in PD
F (HO)
Package pdflscape Info: Auto-detected driver: pdftex on input line 81.
))
\symgns@font=\mathgroup9
LaTeX Font Info:    Overwriting symbol font `gns@font' in version `bold'
(Font)                  TS1/EBGaramond-OsF/m/n --> TS1/EBGaramond-OsF/b/n on in
put line 134.
Package gensymb Info: Math companion symbols declared on input line 134.
LaTeX Info: Redefining \degree on input line 134.
LaTeX Info: Redefining \celsius on input line 134.
Package gensymb Info: Using text companion symbols for \degree, \celsius and \p
erthousand on input line 134.
LaTeX Info: Redefining \ohm on input line 134.
Package gensymb Info: Using \textohm for \ohm on input line 134.
Package gensymb Info: Using \textmu for \micro on input line 134.
\c@mv@tabular=\count568
\c@mv@boldtabular=\count569
Package caption Info: Begin \AtBeginDocument code.
Package caption Info: hyperref package is loaded.
Package caption Info: End \AtBeginDocument code.
Package hyperref Info: Link coloring OFF on input line 134.

(./0_main.out) (./0_main.out)
\@outlinefile=\write6
\openout6 = `0_main.out'.

Package biblatex Info: Trying to load language 'british'...
Package biblatex Info: ... file 'british.lbx' found.

(c:/texlive/2025/texmf-dist/tex/latex/biblatex/lbx/british.lbx
File: british.lbx 2025/07/10 v3.21 biblatex localization (PK/MW)
Package biblatex Info: Trying to load language 'english'...
Package biblatex Info: ... file 'english.lbx' found.

(c:/texlive/2025/texmf-dist/tex/latex/biblatex/lbx/english.lbx
File: english.lbx 2025/07/10 v3.21 biblatex localization (PK/MW)
))
Package biblatex Info: Input encoding 'utf8' detected.
Package biblatex Info: Automatic encoding selection.
(biblatex)             Assuming data encoding 'utf8'.
\openout4 = `0_main.bcf'.

Package biblatex Info: Trying to load bibliographic data...
Package biblatex Info: ... file '0_main.bbl' not found.

No file 0_main.bbl.
Package biblatex Info: Reference section=0 on input line 134.
Package biblatex Info: Reference segment=0 on input line 134.
\openout2 = `0_documentproperties.aux'.

(./0_documentproperties.tex
LaTeX Font Info:    Font shape `T1/EBGaramond-OsF/b/n' will be
(Font)              scaled to size 10.95pt on input line 178.
)
\openout2 = `0_titlepage.aux'.

 (./0_titlepage.tex
LaTeX Font Info:    Font shape `T1/EBGaramond-OsF/m/n' will be
(Font)              scaled to size 24.88pt on input line 9.
LaTeX Font Info:    Font shape `T1/EBGaramond-OsF/b/n' will be
(Font)              scaled to size 24.88pt on input line 10.
<figs/0_logos/logo_uct.png, id=423, 356.532pt x 362.3136pt>
File: figs/0_logos/logo_uct.png Graphic file (type png)
<use figs/0_logos/logo_uct.png>
Package pdftex.def Info: figs/0_logos/logo_uct.png  used on input line 23.
(pdftex.def)             Requested size: 97.9949pt x 99.58464pt.
LaTeX Font Info:    Font shape `T1/EBGaramond-OsF/m/n' will be
(Font)              scaled to size 14.4pt on input line 28.
LaTeX Font Info:    Font shape `T1/EBGaramond-OsF/b/n' will be
(Font)              scaled to size 14.4pt on input line 29.
LaTeX Font Info:    Font shape `T1/EBGaramond-OsF/m/it' will be
(Font)              scaled to size 10.95pt on input line 45.
<figs/0_logos/logo_aru.jpg, id=425, 1415.2875pt x 1024.82875pt>
File: figs/0_logos/logo_aru.jpg Graphic file (type jpg)
<use figs/0_logos/logo_aru.jpg>
Package pdftex.def Info: figs/0_logos/logo_aru.jpg  used on input line 77.
(pdftex.def)             Requested size: 78.58609pt x 56.9055pt.
LaTeX Font Info:    Trying to load font information for U+msa on input line 77.


(c:/texlive/2025/texmf-dist/tex/latex/amsfonts/umsa.fd
File: umsa.fd 2013/01/14 v3.01 AMS symbols A
)
LaTeX Font Info:    Trying to load font information for U+msb on input line 77.


(c:/texlive/2025/texmf-dist/tex/latex/amsfonts/umsb.fd
File: umsb.fd 2013/01/14 v3.01 AMS symbols B
)
LaTeX Font Info:    Trying to load font information for TS1+EBGaramond-OsF on i
nput line 77.

(c:/texlive/2025/texmf-dist/tex/latex/ebgaramond/TS1EBGaramond-OsF.fd
File: TS1EBGaramond-OsF.fd 2023/03/19 (autoinst) Font definitions for TS1/EBGar
amond-OsF.
)
LaTeX Font Info:    Font shape `TS1/EBGaramond-OsF/m/n' will be
(Font)              scaled to size 10.95pt on input line 77.
LaTeX Font Info:    Font shape `TS1/EBGaramond-OsF/m/n' will be
(Font)              scaled to size 8.0pt on input line 77.
LaTeX Font Info:    Font shape `TS1/EBGaramond-OsF/m/n' will be
(Font)              scaled to size 6.0pt on input line 77.
<figs/0_logos/logo_eee.jpg, id=426, 1516.66624pt x 1511.6475pt>
File: figs/0_logos/logo_eee.jpg Graphic file (type jpg)
<use figs/0_logos/logo_eee.jpg>
Package pdftex.def Info: figs/0_logos/logo_eee.jpg  used on input line 77.
(pdftex.def)             Requested size: 57.09238pt x 56.9055pt.
<figs/0_logos/logo_MARIS.jpg, id=427, 3383.64125pt x 1357.07pt>
File: figs/0_logos/logo_MARIS.jpg Graphic file (type jpg)
<use figs/0_logos/logo_MARIS.jpg>
Package pdftex.def Info: figs/0_logos/logo_MARIS.jpg  used on input line 77.
(pdftex.def)             Requested size: 141.87962pt x 56.9055pt.


[1









{c:/texlive/2025/texmf-var/fonts/map/pdftex/updmap/pdftex.map}{c:/texlive/2025/
texmf-dist/fonts/enc/dvips/ebgaramond/ebg_tcdnmr.enc}{c:/texlive/2025/texmf-dis
t/fonts/enc/dvips/ebgaramond/ebg_ljow5q.enc} <./figs/0_logos/logo_uct.png> <./f
igs/0_logos/logo_aru.jpg> <./figs/0_logos/logo_eee.jpg> <./figs/0_logos/logo_MA
RIS.jpg>])
\openout2 = `i_declaration.aux'.

 (./i_declaration.tex
LaTeX Font Info:    Font shape `T1/EBGaramond-OsF/m/n' will be
(Font)              scaled to size 20.74pt on input line 4.
LaTeX Font Info:    Font shape `T1/EBGaramond-OsF/b/n' will be
(Font)              scaled to size 20.74pt on input line 4.

Overfull \hbox (50.54984pt too wide) in paragraph at lines 65--65
[]|[]|  
 []

File: figs/signature.jpg Graphic file (type jpg)
<use figs/signature.jpg>
Package pdftex.def Info: figs/signature.jpg  used on input line 65.
(pdftex.def)             Requested size: 56.89778pt x 56.9055pt.
)


pdfTeX warning (ext4): destination with the same identifier (name{page.i}) has 
been already used, duplicate ignored
<to be read again> 
                   \relax 
l.148 \include{i_declaration}
                              [1





 <./figs/signature.jpg>]
\openout2 = `ii_abstract.aux'.

 (./ii_abstract.tex
LaTeX Font Info:    Font shape `T1/EBGaramond-OsF/m/it' will be
(Font)              scaled to size 9.0pt on input line 34.
)

[2





]
\openout2 = `iii_acknowledgments.aux'.

 (./iii_acknowledgments.tex)

[3





] (./0_main.toc

[4


]

[5])
\tf@toc=\write7
\openout7 = `0_main.toc'.



[6{c:/texlive/2025/texmf-dist/fonts/enc/dvips/ebgaramond/ebg_yod6vr.enc}]
(./0_main.lof

[7]

[8])
\tf@lof=\write8
\openout8 = `0_main.lof'.



[9] (./0_main.lot)
\tf@lot=\write9
\openout9 = `0_main.lot'.



[10] (./acro_list.tex)

[11


]
\openout2 = `1_intro.aux'.

 (./1_intro.tex
Chapter 1.
Package acronym Info: Label `acro:MIZ' newly defined as it shall be overridden
although it is yet undefined on input line 11.

LaTeX Warning: Citation 'eayrsUnderstandingSeasonalCycle2019' on page 1 undefin
ed on input line 11.


LaTeX Warning: Citation 'vichiIndicatorSeaIce2022' on page 1 undefined on input
 line 11.

Package acronym Info: Label `acro:SAR' newly defined as it shall be overridden
although it is yet undefined on input line 11.
Package acronym Info: Label `acro:LiDAR' newly defined as it shall be overridde
n
although it is yet undefined on input line 11.

Overfull \hbox (14.03195pt too wide) in paragraph at lines 11--12
\T1/EBGaramond-OsF/m/n/10.95 re-gion of in-terest due to its com-plex in-ter-ac
-tions between ocean, ice and at-mo-sphere ([]).
 []

Package acronym Info: Label `acro:SCALE' newly defined as it shall be overridde
n
although it is yet undefined on input line 13.

LaTeX Warning: Citation 'AviaLiDARSensor' on page 1 undefined on input line 27.



Overfull \hbox (34.52824pt too wide) in paragraph at lines 27--29
\T1/EBGaramond-OsF/m/n/10.95 This re-search pro-ject aims to in-vest-ig-ate the
 feas-ib-il-ity of us-ing [][], through the use of the Livox Avia sensor ([]),
 []



[1





])

[2]
\openout2 = `2_review.aux'.

 (./2_review.tex
Chapter 2.

LaTeX Warning: Citation 'kennicuttSustainedAntarcticResearch2019' on page 3 und
efined on input line 12.

Package acronym Info: Label `acro:PIPERS' newly defined as it shall be overridd
en
although it is yet undefined on input line 12.

LaTeX Warning: Citation 'ackleySeaiceProductionAir2020' on page 3 undefined on 
input line 12.


LaTeX Warning: Citation 'vichiCruiseReportTrack2018' on page 3 undefined on inp
ut line 12.


LaTeX Warning: Citation 'ryan-keoghSCALEWIN19SCALESPR19Cruise2022' on page 3 un
defined on input line 12.


LaTeX Warning: Citation 'vichiIndicatorSeaIce2022' on page 3 undefined on input
 line 12.


Overfull \hbox (116.7263pt too wide) in paragraph at lines 12--13
\T1/EBGaramond-OsF/m/n/10.95 munity, and the ob-ser-va-tions that have taken pl
ace are biased to-wards cer-tain sec-tors and times of the year ([]).
 []


Overfull \hbox (43.46054pt too wide) in paragraph at lines 12--13
\T1/EBGaramond-OsF/m/n/10.95 ([]), [][] Winter 2019, [][] Spring 2019 ([])
 []


LaTeX Warning: Citation 'eayrsUnderstandingSeasonalCycle2019' on page 3 undefin
ed on input line 14.


LaTeX Warning: Citation 'parkinsonSouthernOceanSea2004' on page 3 undefined on 
input line 21.


LaTeX Warning: Citation 'gordonSeasonalitySouthernOcean1981' on page 3 undefine
d on input line 21.


LaTeX Warning: Citation 'walshAnalysisArcticSea1979' on page 3 undefined on inp
ut line 21.


Overfull \hbox (33.3456pt too wide) in paragraph at lines 21--22
\OT1/cmr/m/n/10.95 10[]$ \T1/EBGaramond-OsF/m/n/10.95 km$[]$ in the winter mont
hs, an in-crease in area greater than of the Ant-arc-tic con-tin-ent it-self ([
]).
 []


Overfull \hbox (32.69751pt too wide) in paragraph at lines 21--22
\T1/EBGaramond-OsF/m/n/10.95 gradual growth and ex-pan-sion dur-ing au-tumn, at
 al-most half the rate of the spring re-treat ([]).
 []

<figs/ch2/sic_feb.png, id=958, 401.5pt x 401.5pt>
File: figs/ch2/sic_feb.png Graphic file (type png)
<use figs/ch2/sic_feb.png>
Package pdftex.def Info: figs/ch2/sic_feb.png  used on input line 28.
(pdftex.def)             Requested size: 243.27028pt x 243.27888pt.
<figs/ch2/sic_sept.png, id=959, 401.5pt x 401.5pt>
File: figs/ch2/sic_sept.png Graphic file (type png)
<use figs/ch2/sic_sept.png>
Package pdftex.def Info: figs/ch2/sic_sept.png  used on input line 32.
(pdftex.def)             Requested size: 243.27028pt x 243.27888pt.
LaTeX Font Info:    Font shape `T1/EBGaramond-OsF/b/n' will be
(Font)              scaled to size 9.0pt on input line 34.

LaTeX Warning: Citation 'BrowseImageSubset' on page 3 undefined on input line 3
4.



[3





]

LaTeX Warning: Citation 'roachPhysicsSeasonalSea2025' on page 4 undefined on in
put line 39.


LaTeX Warning: Citation 'eayrsUnderstandingSeasonalCycle2019' on page 4 undefin
ed on input line 39.

LaTeX Font Info:    Font shape `T1/EBGaramond-OsF/m/n' will be
(Font)              scaled to size 12.0pt on input line 44.
LaTeX Font Info:    Font shape `T1/EBGaramond-OsF/b/n' will be
(Font)              scaled to size 12.0pt on input line 44.

LaTeX Warning: Citation 'wadhamsMechanismFormationIce1983' on page 4 undefined 
on input line 47.


LaTeX Warning: Citation 'squireMarginalIceZone2022' on page 4 undefined on inpu
t line 47.


LaTeX Warning: Citation 'day_analysis_2024' on page 4 undefined on input line 4
7.


LaTeX Warning: Citation 'vichiIndicatorSeaIce2022' on page 4 undefined on input
 line 47.

Package acronym Info: Label `acro:SIC' newly defined as it shall be overridden
although it is yet undefined on input line 47.

LaTeX Warning: Citation 'vichiIndicatorSeaIce2022' on page 4 undefined on input
 line 49.


LaTeX Warning: Citation 'tersigni_highresolution_2023' on page 4 undefined on i
nput line 51.



[4 <./figs/ch2/sic_feb.png> <./figs/ch2/sic_sept.png>]
<figs/ch2/miz.png, id=989, 1636.1125pt x 2291.56125pt>
File: figs/ch2/miz.png Graphic file (type png)
<use figs/ch2/miz.png>
Package pdftex.def Info: figs/ch2/miz.png  used on input line 56.
(pdftex.def)             Requested size: 307.2929pt x 430.40097pt.


LaTeX Warning: Citation 'vichiIndicatorSeaIce2022' on page 5 undefined on input
 line 57.


LaTeX Warning: Citation 'vichiIndicatorSeaIce2022' on page 5 undefined on input
 line 57.


LaTeX Warning: Citation 'doblePancakeIceFormation2003' on page 5 undefined on i
nput line 68.


Overfull \hbox (19.59743pt too wide) in paragraph at lines 68--69
\T1/EBGaramond-OsF/m/n/10.95 mar-ginal ice zones where tur-bu-lent wave and win
d activ-ity is present dur-ing the ice form-a-tion ([]).
 []

<figs/ch2/pancake_floes.png, id=996, 4047.12pt x 2528.44624pt>
File: figs/ch2/pancake_floes.png Graphic file (type png)
<use figs/ch2/pancake_floes.png>
Package pdftex.def Info: figs/ch2/pancake_floes.png  used on input line 73.
(pdftex.def)             Requested size: 307.2929pt x 191.97871pt.


[5 <./figs/ch2/miz.png>]

LaTeX Warning: Citation 'shenConceptualModelPancakeice2001' on page 6 undefined
 on input line 83.


Overfull \hbox (40.39787pt too wide) in paragraph at lines 83--84
\T1/EBGaramond-OsF/m/n/10.95 provided by the wind and waves pro-motes the form-
a-tion of frazil and grease ice over nilas ice ([]).
 []


LaTeX Warning: Citation 'shenConceptualModelPancakeice2001' on page 6 undefined
 on input line 85.

<figs/ch2/grease.png, id=1003, 803.0pt x 501.875pt>
File: figs/ch2/grease.png Graphic file (type png)
<use figs/ch2/grease.png>
Package pdftex.def Info: figs/ch2/grease.png  used on input line 98.
(pdftex.def)             Requested size: 307.2929pt x 192.06229pt.


[6 <./figs/ch2/pancake_floes.png> <./figs/ch2/grease.png>]
<figs/ch2/pancake_sheet.png, id=1012, 4047.12pt x 2528.44624pt>
File: figs/ch2/pancake_sheet.png Graphic file (type png)
<use figs/ch2/pancake_sheet.png>
Package pdftex.def Info: figs/ch2/pancake_sheet.png  used on input line 109.
(pdftex.def)             Requested size: 358.50317pt x 223.96231pt.
<figs/ch2/comp_pancake.png, id=1015, 4047.12pt x 2528.44624pt>
File: figs/ch2/comp_pancake.png Graphic file (type png)
<use figs/ch2/comp_pancake.png>
Package pdftex.def Info: figs/ch2/comp_pancake.png  used on input line 120.
(pdftex.def)             Requested size: 358.50317pt x 223.96231pt.


LaTeX Warning: Citation 'vichiSCALEWIN22CruiseReport2023' on page 7 undefined o
n input line 126.



[7 <./figs/ch2/pancake_sheet.png> <./figs/ch2/comp_pancake.png>]

LaTeX Warning: Citation 'roachPhysicsSeasonalSea2025' on page 8 undefined on in
put line 133.


LaTeX Warning: Citation 'holthuijsenWavesOceanicCoastal2007' on page 8 undefine
d on input line 139.


LaTeX Warning: Citation 'thomsonWavePropagationMarginal2022' on page 8 undefine
d on input line 139.


LaTeX Warning: Citation 'voermansFinelyresolvedAlongtrackWave2024' on page 8 un
defined on input line 139.


Overfull \hbox (5.16145pt too wide) in paragraph at lines 139--140
\T1/EBGaramond-OsF/m/n/10.95 and lower fre-quency than the ori-ginal wind waves
, which is what we refer to as swell ([]).
 []


LaTeX Warning: Citation 'williamsWaveIceInteractions2013' on page 8 undefined o
n input line 141.


Overfull \hbox (36.88966pt too wide) in paragraph at lines 141--142
[]\T1/EBGaramond-OsF/m/n/10.95 It is known that ocean sur-face waves are at-ten
-u-ated by sea ice as the waves travel through the [][] ([]).
 []


LaTeX Warning: Citation 'daiWaveRaftingEquilibrium2004' on page 8 undefined on 
input line 143.


LaTeX Warning: Citation 'alberelloDriftPancakeIce2020' on page 8 undefined on i
nput line 149.


LaTeX Warning: Citation 'maslanikRemoteSensingAntarctica1990' on page 8 undefin
ed on input line 158.


LaTeX Warning: Citation 'pettorelliSatelliteRemoteSensing2014' on page 8 undefi
ned on input line 158.



[8]

LaTeX Warning: Citation 'meierNewEstimatesArctic2013' on page 9 undefined on in
put line 160.

Package acronym Info: Label `acro:RAMP' newly defined as it shall be overridden

although it is yet undefined on input line 161.

LaTeX Warning: Citation 'jezekRADARSAT1AntarcticMapping2002' on page 9 undefine
d on input line 161.

Package acronym Info: Label `acro:ICESat' newly defined as it shall be overridd
en
although it is yet undefined on input line 162.
Package acronym Info: Label `acro:GLAS' newly defined as it shall be overridden

although it is yet undefined on input line 162.

LaTeX Warning: Citation 'schutzOverviewICESatMission2005' on page 9 undefined o
n input line 162.

Package acronym Info: Label `acro:ATLAS' newly defined as it shall be overridde
n
although it is yet undefined on input line 163.

LaTeX Warning: Citation 'palmICESat2AtmosphericChannel2021' on page 9 undefined
 on input line 163.


Overfull \hbox (19.41179pt too wide) in paragraph at lines 160--164
\T1/EBGaramond-OsF/m/n/10.95 ject ([])[], with the first phase of the pro-ject 
be-ing com-pleted in Oc-to-ber 1997 ([]).
 []


Overfull \hbox (52.83072pt too wide) in paragraph at lines 160--164
[][] \T1/EBGaramond-OsF/m/n/10.95 sensor marked the first time a [][] sensor wa
s equipped to an ob-ser-va-tion satel-lite ([]). 
 []


LaTeX Warning: Citation 'agrawalComparativeAssesmentRemote2019' on page 9 undef
ined on input line 165.


Overfull \hbox (53.82373pt too wide) in paragraph at lines 165--166
\T1/EBGaramond-OsF/m/n/10.95 com-par-ison of the three main satellite-based re-
mote sens-ing meth-ods is given in Table []2.1[] ([]). 
 []


LaTeX Warning: Citation 'comisoSatelliteRemoteSensing1991' on page 9 undefined 
on input line 192.


LaTeX Warning: Citation 'maslanikRemoteSensingAntarctica1990' on page 9 undefin
ed on input line 192.


LaTeX Warning: Citation 'dirscherlRemoteSensingIce2020' on page 9 undefined on 
input line 192.


LaTeX Warning: Citation 'baumhoerRemoteSensingAntarctic2018' on page 9 undefine
d on input line 192.


Overfull \hbox (45.30911pt too wide) in paragraph at lines 192--193
\T1/EBGaramond-OsF/m/n/10.95 storms, bio-lo-gical activ-ity, ice drift and ice-
berg calv-ing ([]; [];
 []


LaTeX Warning: Citation 'zakhvatkinaSatelliteSARDatabased2019' on page 9 undefi
ned on input line 194.


LaTeX Warning: Citation 'kukkoMobileLaserScanning2013' on page 9 undefined on i
nput line 200.



[9]

LaTeX Warning: Citation 'molebnyLaserRadarHistorical2016' on page 10 undefined 
on input line 202.


LaTeX Warning: Citation 'nelsonHowDidWe2013' on page 10 undefined on input line
 202.


LaTeX Warning: Citation 'molebnyLaserRadarHistorical2016' on page 10 undefined 
on input line 204.

<figs/ch2/image.png, id=1062, 510.708pt x 510.708pt>
File: figs/ch2/image.png Graphic file (type png)
<use figs/ch2/image.png>
Package pdftex.def Info: figs/ch2/image.png  used on input line 211.
(pdftex.def)             Requested size: 256.07481pt x 256.0781pt.
<figs/ch2/pointcloud.png, id=1063, 472.76625pt x 472.76625pt>
File: figs/ch2/pointcloud.png Graphic file (type png)
<use figs/ch2/pointcloud.png>
Package pdftex.def Info: figs/ch2/pointcloud.png  used on input line 215.
(pdftex.def)             Requested size: 256.07481pt x 256.07628pt.

LaTeX Warning: Citation 'ortizarteagaInitialInvestigationLowCost2019' on page 1
0 undefined on input line 217.


LaTeX Warning: Citation 'wangEvolutionLiDARIts2020' on page 10 undefined on inp
ut line 222.


LaTeX Warning: Citation 'sandruShipborneSeaiceField2021' on page 10 undefined o
n input line 222.


Overfull \hbox (24.32356pt too wide) in paragraph at lines 222--223
\T1/EBGaramond-OsF/m/n/10.95 ([]). [][] has seen lim-ited de-ploy-ment in the A
nt-arc-tic, with []
 []



[10 <./figs/ch2/image.png> <./figs/ch2/pointcloud.png>])

[11]
\openout2 = `3_theory.aux'.

 (./3_theory.tex
Chapter 3.

LaTeX Warning: Citation 'wangChallengesOpportunitiesLidar2021' on page 12 undef
ined on input line 12.

Package acronym Info: Label `acro:Radar' newly defined as it shall be overridde
n
although it is yet undefined on input line 14.

LaTeX Warning: Citation 'agrawalComparativeAssesmentRemote2019' on page 12 unde
fined on input line 14.


LaTeX Warning: Citation 'jelinkovaLaserCharacteristics2013' on page 12 undefine
d on input line 18.


LaTeX Warning: Citation 'kukkoMobileLaserScanning2013' on page 12 undefined on 
input line 18.

<figs/ch3/camera.png, id=1104, 406.1574pt x 336.7782pt>
File: figs/ch3/camera.png Graphic file (type png)
<use figs/ch3/camera.png>
Package pdftex.def Info: figs/ch3/camera.png  used on input line 25.
(pdftex.def)             Requested size: 143.40126pt x 118.90189pt.
<figs/ch3/radar.png, id=1105, 406.1574pt x 335.3328pt>
File: figs/ch3/radar.png Graphic file (type png)
<use figs/ch3/radar.png>
Package pdftex.def Info: figs/ch3/radar.png  used on input line 29.
(pdftex.def)             Requested size: 143.40126pt x 118.39159pt.
<figs/ch3/lidar.png, id=1106, 407.6028pt x 335.3328pt>
File: figs/ch3/lidar.png Graphic file (type png)
<use figs/ch3/lidar.png>
Package pdftex.def Info: figs/ch3/lidar.png  used on input line 33.
(pdftex.def)             Requested size: 143.40126pt x 117.97713pt.


[12





]
<figs/ch3/Beam-divergence.jpg, id=1111, 600.2425pt x 625.33624pt>
File: figs/ch3/Beam-divergence.jpg Graphic file (type jpg)
<use figs/ch3/Beam-divergence.jpg>
Package pdftex.def Info: figs/ch3/Beam-divergence.jpg  used on input line 43.
(pdftex.def)             Requested size: 256.07481pt x 266.79013pt.


LaTeX Warning: Citation 'kukkoMobileLaserScanning2013' on page 13 undefined on 
input line 44.


LaTeX Warning: Citation 'landyNumericalExperimentalEvaluation2015' on page 13 u
ndefined on input line 49.

<figs/ch3/shadowing.png, id=1114, 966.009pt x 154.176pt>
File: figs/ch3/shadowing.png Graphic file (type png)
<use figs/ch3/shadowing.png>
Package pdftex.def Info: figs/ch3/shadowing.png  used on input line 54.
(pdftex.def)             Requested size: 512.14963pt x 81.73875pt.

LaTeX Warning: Citation 'landyNumericalExperimentalEvaluation2015' on page 13 u
ndefined on input line 55.



[13 <./figs/ch3/camera.png> <./figs/ch3/radar.png> <./figs/ch3/lidar.png> <./fi
gs/ch3/Beam-divergence.jpg>]

LaTeX Warning: Citation 'wangEvolutionLiDARIts2020' on page 14 undefined on inp
ut line 60.


LaTeX Warning: Citation 'rajSurveyLiDARScanning2020' on page 14 undefined on in
put line 66.


LaTeX Warning: Citation 'molebnyLaserRadarHistorical2016' on page 14 undefined 
on input line 68.

Package acronym Info: Label `acro:FOV' newly defined as it shall be overridden
although it is yet undefined on input line 68.
Package acronym Info: Label `acro:MEMS' newly defined as it shall be overridden

although it is yet undefined on input line 68.

LaTeX Warning: Citation 'rajSurveyLiDARScanning2020' on page 14 undefined on in
put line 68.


LaTeX Warning: Citation 'brazealRigorousObservationModel2021' on page 14 undefi
ned on input line 70.

<figs/ch3/risley.png, id=1137, 1941.50343pt x 1467.23157pt>
File: figs/ch3/risley.png Graphic file (type png)
<use figs/ch3/risley.png>
Package pdftex.def Info: figs/ch3/risley.png  used on input line 75.
(pdftex.def)             Requested size: 256.07481pt x 193.52292pt.

LaTeX Warning: Citation 'brazealRigorousObservationModel2021' on page 14 undefi
ned on input line 76.



[14 <./figs/ch3/shadowing.png>]

LaTeX Warning: Citation 'harrapOverviewLIDARCollection2010' on page 15 undefine
d on input line 81.


LaTeX Warning: Citation 'deemsLidarMeasurementSnow2013' on page 15 undefined on
 input line 83.


Overfull \hbox (23.15298pt too wide) in paragraph at lines 83--84
[]\T1/EBGaramond-OsF/m/n/10.95 Some [][] sensors are cap-able of meas-ur-ing mu
l-tiple re-turns from a single out-put pulse ([]).
 []

<figs/ch3/multi_return.png, id=1145, 337.26pt x 247.4043pt>
File: figs/ch3/multi_return.png Graphic file (type png)
<use figs/ch3/multi_return.png>
Package pdftex.def Info: figs/ch3/multi_return.png  used on input line 88.
(pdftex.def)             Requested size: 230.46576pt x 169.06697pt.

LaTeX Warning: Citation 'lefskyLidarRemoteSensing2002' on page 15 undefined on 
input line 89.

Package acronym Info: Label `acro:IMU' newly defined as it shall be overridden
although it is yet undefined on input line 99.


[15 <./figs/ch3/risley.png> <./figs/ch3/multi_return.png>]
<figs/ch3/avia1.png, id=1158, 871.00406pt x 653.44125pt>
File: figs/ch3/avia1.png Graphic file (type png)
<use figs/ch3/avia1.png>
Package pdftex.def Info: figs/ch3/avia1.png  used on input line 106.
(pdftex.def)             Requested size: 230.46576pt x 172.89189pt.


LaTeX Warning: Citation 'AviaLiDARSensor' on page 16 undefined on input line 10
7.

<figs/ch3/rep0.jpg, id=1166, 1003.75pt x 803.0pt>
File: figs/ch3/rep0.jpg Graphic file (type jpg)
<use figs/ch3/rep0.jpg>
Package pdftex.def Info: figs/ch3/rep0.jpg  used on input line 121.
(pdftex.def)             Requested size: 169.0103pt x 135.2094pt.
<figs/ch3/rep1.jpg, id=1167, 1003.75pt x 803.0pt>
File: figs/ch3/rep1.jpg Graphic file (type jpg)
<use figs/ch3/rep1.jpg>
Package pdftex.def Info: figs/ch3/rep1.jpg  used on input line 125.
(pdftex.def)             Requested size: 169.0103pt x 135.2094pt.
<figs/ch3/rep2.jpg, id=1168, 1003.75pt x 803.0pt>
File: figs/ch3/rep2.jpg Graphic file (type jpg)
<use figs/ch3/rep2.jpg>
Package pdftex.def Info: figs/ch3/rep2.jpg  used on input line 129.
(pdftex.def)             Requested size: 169.0103pt x 135.2094pt.

LaTeX Warning: Citation 'AviaLiDARSensor' on page 16 undefined on input line 13
1.

<figs/ch3/norep0.jpg, id=1170, 1003.75pt x 803.0pt>
File: figs/ch3/norep0.jpg Graphic file (type jpg)
<use figs/ch3/norep0.jpg>
Package pdftex.def Info: figs/ch3/norep0.jpg  used on input line 141.
(pdftex.def)             Requested size: 169.0103pt x 135.2094pt.
<figs/ch3/norep1.jpg, id=1171, 1003.75pt x 803.0pt>
File: figs/ch3/norep1.jpg Graphic file (type jpg)
<use figs/ch3/norep1.jpg>
Package pdftex.def Info: figs/ch3/norep1.jpg  used on input line 145.
(pdftex.def)             Requested size: 169.0103pt x 135.2094pt.
<figs/ch3/norep2.jpg, id=1172, 1003.75pt x 803.0pt>
File: figs/ch3/norep2.jpg Graphic file (type jpg)
<use figs/ch3/norep2.jpg>
Package pdftex.def Info: figs/ch3/norep2.jpg  used on input line 149.
(pdftex.def)             Requested size: 169.0103pt x 135.2094pt.

LaTeX Warning: Citation 'AviaLiDARSensor' on page 16 undefined on input line 15
1.



[16 <./figs/ch3/avia1.png> <./figs/ch3/rep0.jpg> <./figs/ch3/rep1.jpg> <./figs/
ch3/rep2.jpg>]

LaTeX Warning: Citation 'brazealRigorousObservationModel2021' on page 17 undefi
ned on input line 186.


LaTeX Warning: Citation 'huangComprehensiveSurveyPoint2021' on page 17 undefine
d on input line 188.


LaTeX Warning: Citation '3DPointCloud' on page 17 undefined on input line 188.

<figs/ch3/grid.png, id=1189, 260.172pt x 260.4129pt>
File: figs/ch3/grid.png Graphic file (type png)
<use figs/ch3/grid.png>
Package pdftex.def Info: figs/ch3/grid.png  used on input line 195.
(pdftex.def)             Requested size: 256.07481pt x 256.32343pt.


[17 <./figs/ch3/norep0.jpg> <./figs/ch3/norep1.jpg> <./figs/ch3/norep2.jpg>]

LaTeX Warning: Citation 'lohaniAirborneLiDARTechnology2017' on page 18 undefine
d on input line 207.


Overfull \hbox (68.87349pt too wide) in paragraph at lines 207--208
\T1/EBGaramond-OsF/m/n/10.95 trans-form-ing raw point cloud data into use-ful r
eal-world in-form-a-tion about urban en-vir-on-ments ([]). 
 []

Package acronym Info: Label `acro:RANSAC' newly defined as it shall be overridd
en
although it is yet undefined on input line 209.

LaTeX Warning: Citation 'fischlerRandomSampleConsensus1981' on page 18 undefine
d on input line 209.


LaTeX Warning: Citation 'xuComprehensiveSurveyClustering2015' on page 18 undefi
ned on input line 215.


LaTeX Warning: Citation 'rodriguezClusteringAlgorithmsComparative2019' on page 
18 undefined on input line 217.


Overfull \hbox (39.02219pt too wide) in paragraph at lines 217--218
\T1/EBGaramond-OsF/m/it/10.95 tional\T1/EBGaramond-OsF/m/n/10.95 , \T1/EBGaramo
nd-OsF/m/it/10.95 Hier-arch-ical\T1/EBGaramond-OsF/m/n/10.95 , \T1/EBGaramond-O
sF/m/it/10.95 Density-based\T1/EBGaramond-OsF/m/n/10.95 , \T1/EBGaramond-OsF/m/
it/10.95 Spec-tral\T1/EBGaramond-OsF/m/n/10.95 , \T1/EBGaramond-OsF/m/it/10.95 
Subspace-based \T1/EBGaramond-OsF/m/n/10.95 and \T1/EBGaramond-OsF/m/it/10.95 M
odel-based \T1/EBGaramond-OsF/m/n/10.95 ([]). 
 []



[18 <./figs/ch3/grid.png (PNG copy)>]
Package acronym Info: Label `acro:DBScan' newly defined as it shall be overridd
en
although it is yet undefined on input line 225.

Overfull \hbox (1.45018pt too wide) in paragraph at lines 227--228
[]\T1/EBGaramond-OsF/m/n/10.95 methods at-tempt to cluster data points by con-v
ert-ing high-dimensional data into a lower-dimensional space through
 []


LaTeX Warning: Citation 'harrapOverviewLIDARCollection2010' on page 19 undefine
d on input line 249.


LaTeX Warning: Citation 'bogoslavskyiFastRobustNormal2024' on page 19 undefined
 on input line 251.



[19]

LaTeX Warning: Citation 'kedzierskiMethodsLaserScanning2015' on page 20 undefin
ed on input line 256.


LaTeX Warning: Citation 'kimIntroductionKalmanFilter2019' on page 20 undefined 
on input line 265.


LaTeX Warning: Citation 'kalmanNewApproachLinear1960' on page 20 undefined on i
nput line 265.

Package acronym Info: Label `acro:GPS' newly defined as it shall be overridden
although it is yet undefined on input line 267.

LaTeX Warning: Citation 'grewalApplicationsKalmanFiltering2010' on page 20 unde
fined on input line 267.


LaTeX Warning: Citation 'songEstimatingRelativeAngles2022' on page 20 undefined
 on input line 275.



[20]
<figs/ch3/water_abs.png, id=1223, 1367.1075pt x 1255.69125pt>
File: figs/ch3/water_abs.png Graphic file (type png)
<use figs/ch3/water_abs.png>
Package pdftex.def Info: figs/ch3/water_abs.png  used on input line 287.
(pdftex.def)             Requested size: 256.07481pt x 235.19244pt.


LaTeX Warning: Citation 'dozierEstimationPropertiesAlpine1989' on page 21 undef
ined on input line 288.


LaTeX Warning: Citation 'warrenOpticalPropertiesIce2019' on page 21 undefined o
n input line 293.

<figs/ch3/ice.png, id=1225, 652.4375pt x 446.66875pt>
File: figs/ch3/ice.png Graphic file (type png)
<use figs/ch3/ice.png>
Package pdftex.def Info: figs/ch3/ice.png  used on input line 300.
(pdftex.def)             Requested size: 332.89412pt x 227.91391pt.

LaTeX Warning: Citation 'brandtSurfaceAlbedoAntarctic2005' on page 21 undefined
 on input line 301.



[21 <./figs/ch3/water_abs.png>]
<figs/ch3/snow.png, id=1231, 652.4375pt x 440.64626pt>
File: figs/ch3/snow.png Graphic file (type png)
<use figs/ch3/snow.png>
Package pdftex.def Info: figs/ch3/snow.png  used on input line 311.
(pdftex.def)             Requested size: 332.89412pt x 224.84091pt.


LaTeX Warning: Citation 'brandtSurfaceAlbedoAntarctic2005' on page 22 undefined
 on input line 312.


Overfull \hbox (0.52927pt too wide) in paragraph at lines 325--326
[][] \T1/EBGaramond-OsF/m/n/10.95 sensors are be-com-ing an in-creas-ingly pop-
u-lar method of re-mote sens-ing due to their abil-ity to pro-duce high-resolut
ion
 []



[22 <./figs/ch3/ice.png> <./figs/ch3/snow.png>])

[23]
\openout2 = `4_data.aux'.

 (./4_data.tex
Chapter 4.
Package acronym Info: Label `acro:ROS' newly defined as it shall be overridden
although it is yet undefined on input line 13.

LaTeX Warning: Citation 'AaltoIceWave2024' on page 24 undefined on input line 2
8.

<figs/ch4/Aalto_Livox.jpeg, id=1248, 5733.42pt x 2866.71pt>
File: figs/ch4/Aalto_Livox.jpeg Graphic file (type jpg)
<use figs/ch4/Aalto_Livox.jpeg>
Package pdftex.def Info: figs/ch4/Aalto_Livox.jpeg  used on input line 33.
(pdftex.def)             Requested size: 332.89412pt x 166.4399pt.

LaTeX Warning: Citation 'nairThreeDimensionalComputational2024' on page 24 unde
fined on input line 39.



[24





 <./figs/ch4/Aalto_Livox.jpeg>]

LaTeX Warning: Citation 'benitzOceanHydrodynamicsEngineers' on page 25 undefine
d on input line 64.


LaTeX Warning: Citation 'vichiSCALEWIN22CruiseReport2023' on page 25 undefined 
on input line 70.

<figs/ch4/lidar.jpg, id=1258, 1027.84pt x 473.77pt>
File: figs/ch4/lidar.jpg Graphic file (type jpg)
<use figs/ch4/lidar.jpg>
Package pdftex.def Info: figs/ch4/lidar.jpg  used on input line 75.
(pdftex.def)             Requested size: 384.11221pt x 177.04883pt.


[25]

LaTeX Warning: Citation 'passerottiSCALEWIN22SAAgulhas' on page 26 undefined on
 input line 81.


LaTeX Warning: Citation 'passerottiSCALEWIN22SAAgulhasa' on page 26 undefined o
n input line 81.


LaTeX Warning: Citation 'passerottiSCALEWIN22SAAgulhasb' on page 26 undefined o
n input line 81.


Overfull \hbox (35.02457pt too wide) in paragraph at lines 81--82
\T1/EBGaramond-OsF/m/n/10.95 voy-age ([]; []; []).
 []

<figs/ch4/setup.png, id=1267, 3035.34pt x 2276.505pt>
File: figs/ch4/setup.png Graphic file (type png)
<use figs/ch4/setup.png>
Package pdftex.def Info: figs/ch4/setup.png  used on input line 86.
(pdftex.def)             Requested size: 384.11221pt x 288.07083pt.
<figs/ch4/map.png, id=1268, 1444.64719pt x 722.7pt>
File: figs/ch4/map.png Graphic file (type png)
<use figs/ch4/map.png>
Package pdftex.def Info: figs/ch4/map.png  used on input line 95.
(pdftex.def)             Requested size: 384.11221pt x 192.15417pt.

LaTeX Warning: Citation 'vichiSCALEWIN22CruiseTrack2023' on page 26 undefined o
n input line 96.



[26 <./figs/ch4/lidar.jpg> <./figs/ch4/setup.png>]

[27 <./figs/ch4/map.png>]
<figs/ch4/field_setup.png, id=1287, 4007.97375pt x 3005.98032pt>
File: figs/ch4/field_setup.png Graphic file (type png)
<use figs/ch4/field_setup.png>
Package pdftex.def Info: figs/ch4/field_setup.png  used on input line 127.
(pdftex.def)             Requested size: 243.27028pt x 182.41507pt.

Overfull \hbox (76.82323pt too wide) in paragraph at lines 128--128
[] [] 
 []

<figs/ch4/edited_level.png, id=1288, 2553.54pt x 1915.155pt>
File: figs/ch4/edited_level.png Graphic file (type png)
<use figs/ch4/edited_level.png>
Package pdftex.def Info: figs/ch4/edited_level.png  used on input line 133.
(pdftex.def)             Requested size: 243.27028pt x 182.4384pt.

Overfull \hbox (76.82323pt too wide) in paragraph at lines 134--134
[] [] 
 []



[28 <./figs/ch4/field_setup.png> <./figs/ch4/edited_level.png>]
<figs/ch4/field_boards.JPG, id=1300, 4947.48375pt x 2782.395pt>
File: figs/ch4/field_boards.JPG Graphic file (type jpg)
<use figs/ch4/field_boards.JPG>
Package pdftex.def Info: figs/ch4/field_boards.JPG  used on input line 145.
(pdftex.def)             Requested size: 471.17671pt x 264.96712pt.
<figs/ch4/board_c.jpg, id=1301, 4300.065pt x 4300.065pt>
File: figs/ch4/board_c.jpg Graphic file (type jpg)
<use figs/ch4/board_c.jpg>
Package pdftex.def Info: figs/ch4/board_c.jpg  used on input line 156.
(pdftex.def)             Requested size: 217.66515pt x 217.6404pt.

Overfull \hbox (76.82323pt too wide) in paragraph at lines 157--157
[] [] 
 []

<figs/ch4/board_d.jpg, id=1302, 4300.065pt x 4300.065pt>
File: figs/ch4/board_d.jpg Graphic file (type jpg)
<use figs/ch4/board_d.jpg>
Package pdftex.def Info: figs/ch4/board_d.jpg  used on input line 162.
(pdftex.def)             Requested size: 217.66515pt x 217.6404pt.

Overfull \hbox (76.82323pt too wide) in paragraph at lines 163--163
[] [] 
 []



[29 <./figs/ch4/field_boards.JPG> <./figs/ch4/board_c.jpg> <./figs/ch4/board_d.
jpg>]

LaTeX Warning: Citation 'stewartPlatformSixDegrees1965' on page 30 undefined on
 input line 177.


LaTeX Warning: Citation 'clarkStewart2018' on page 30 undefined on input line 1
77.

<figs/ch4/stewart_setup.png, id=1311, 4300.065pt x 3225.04875pt>
File: figs/ch4/stewart_setup.png Graphic file (type png)
<use figs/ch4/stewart_setup.png>
Package pdftex.def Info: figs/ch4/stewart_setup.png  used on input line 184.
(pdftex.def)             Requested size: 243.27028pt x 182.42227pt.
<figs/ch4/sp.png, id=1312, 4300.065pt x 3225.04875pt>
File: figs/ch4/sp.png Graphic file (type png)
<use figs/ch4/sp.png>
Package pdftex.def Info: figs/ch4/sp.png  used on input line 188.
(pdftex.def)             Requested size: 243.27028pt x 182.42227pt.
<figs/ch4/markers0.png, id=1313, 4300.065pt x 3225.04875pt>
File: figs/ch4/markers0.png Graphic file (type png)
<use figs/ch4/markers0.png>
Package pdftex.def Info: figs/ch4/markers0.png  used on input line 200.
(pdftex.def)             Requested size: 243.27028pt x 182.42227pt.
<figs/ch4/markers2.png, id=1314, 4300.065pt x 3225.04875pt>
File: figs/ch4/markers2.png Graphic file (type png)
<use figs/ch4/markers2.png>
Package pdftex.def Info: figs/ch4/markers2.png  used on input line 204.
(pdftex.def)             Requested size: 243.27028pt x 182.42227pt.

LaTeX Warning: Citation 'PrimeX13Depth' on page 30 undefined on input line 211.



LaTeX Warning: Citation 'PrimeX13WDepth' on page 30 undefined on input line 211
.



[30 <./figs/ch4/stewart_setup.png> <./figs/ch4/sp.png> <./figs/ch4/markers0.png
> <./figs/ch4/markers2.png>])

[31]
\openout2 = `5_characterisation.aux'.

 (./5_characterisation.tex
Chapter 5.
<figs/ch5/avia_axes.png, id=1343, 524.55975pt x 385.44pt>
File: figs/ch5/avia_axes.png Graphic file (type png)
<use figs/ch5/avia_axes.png>
Package pdftex.def Info: figs/ch5/avia_axes.png  used on input line 11.
(pdftex.def)             Requested size: 332.89412pt x 244.61641pt.

LaTeX Warning: Citation 'AviaLiDARSensor' on page 32 undefined on input line 12
.



[32





 <./figs/ch5/avia_axes.png>]

LaTeX Warning: Citation 'livoxLivoxSDKLivox_ros_driver2025' on page 33 undefine
d on input line 46.



[33]

LaTeX Warning: Citation 'AviaLiDARSensor' on page 34 undefined on input line 67
.


Overfull \hbox (50.13297pt too wide) in paragraph at lines 67--68
[]\T1/EBGaramond-OsF/m/n/10.95 The Avia was de-signed primar-ily for use in urb
an en-vir-on-ments for map-ping, nav-ig-a-tion and sur-vey-ing ap-plic-a-tions 
([]).
 []


LaTeX Warning: Citation 'PcnormalsEstimateNormals' on page 34 undefined on inpu
t line 81.

)

[34]
\openout2 = `6_pipeline.aux'.

 (./6_pipeline.tex
Chapter 6.
<figs/ch6/pipeline.png, id=1363, 781.9614pt x 174.8934pt>
File: figs/ch6/pipeline.png Graphic file (type png)
<use figs/ch6/pipeline.png>
Package pdftex.def Info: figs/ch6/pipeline.png  used on input line 11.
(pdftex.def)             Requested size: 419.96643pt x 93.9313pt.
<figs/ch6/scene_frames.png, id=1367, 295.5843pt x 112.0185pt>
File: figs/ch6/scene_frames.png Graphic file (type png)
<use figs/ch6/scene_frames.png>
Package pdftex.def Info: figs/ch6/scene_frames.png  used on input line 41.
(pdftex.def)             Requested size: 419.96643pt x 159.16649pt.


[35





 <./figs/ch6/pipeline.png>]
Package acronym Info: Label `acro:NED' newly defined as it shall be overridden
although it is yet undefined on input line 47.


LaTeX Warning: Citation 'perezKinematicModelsManoeuvring2007' on page 36 undefi
ned on input line 47.

<figs/ch6/noise_eg.png, id=1377, 384.9582pt x 159.4758pt>
File: figs/ch6/noise_eg.png Graphic file (type png)
<use figs/ch6/noise_eg.png>
Package pdftex.def Info: figs/ch6/noise_eg.png  used on input line 58.
(pdftex.def)             Requested size: 307.2929pt x 127.30583pt.


[36 <./figs/ch6/scene_frames.png>]

LaTeX Warning: Citation 'forlaniBuildingReconstructionVisualization2003' on pag
e 37 undefined on input line 70.

<figs/ch6/WaterWave_Stokes1st2nd.png, id=1396, 658.71094pt x 206.27063pt>
File: figs/ch6/WaterWave_Stokes1st2nd.png Graphic file (type png)
<use figs/ch6/WaterWave_Stokes1st2nd.png>
Package pdftex.def Info: figs/ch6/WaterWave_Stokes1st2nd.png  used on input lin
e 81.
(pdftex.def)             Requested size: 419.96643pt x 131.5123pt.

LaTeX Warning: Citation 'benitzSimulatingHydrodynamicsOffshore' on page 37 unde
fined on input line 83.



[37 <./figs/ch6/noise_eg.png (PNG copy)>]

LaTeX Warning: Citation 'benitzOceanHydrodynamicsEngineers' on page 38 undefine
d on input line 88.

<figs/ch6/scenes_label.png, id=1405, 1626.075pt x 1219.55624pt>
File: figs/ch6/scenes_label.png Graphic file (type png)
<use figs/ch6/scenes_label.png>
Package pdftex.def Info: figs/ch6/scenes_label.png  used on input line 113.
(pdftex.def)             Requested size: 460.93153pt x 345.69765pt.

LaTeX Warning: Citation 'vichiSCALEWIN22CruiseTrack2023' on page 38 undefined o
n input line 114.


LaTeX Warning: Citation 'passerottiSCALEWIN22SAAgulhas' on page 38 undefined on
 input line 114.


LaTeX Warning: Citation 'passerottiSCALEWIN22SAAgulhasa' on page 38 undefined o
n input line 114.


LaTeX Warning: Citation 'passerottiSCALEWIN22SAAgulhasb' on page 38 undefined o
n input line 114.



[38 <./figs/ch6/WaterWave_Stokes1st2nd.png>]

LaTeX Warning: Citation 'passerottiSCALEWIN22SAAgulhas' on page 39 undefined on
 input line 119.


LaTeX Warning: Citation 'passerottiSCALEWIN22SAAgulhasa' on page 39 undefined o
n input line 119.


LaTeX Warning: Citation 'passerottiSCALEWIN22SAAgulhasb' on page 39 undefined o
n input line 119.

Package acronym Info: Label `acro:VDBScan' newly defined as it shall be overrid
den
although it is yet undefined on input line 139.
Package acronym Info: Label `acro:OPTICS' newly defined as it shall be overridd
en
although it is yet undefined on input line 139.


[39 <./figs/ch6/scenes_label.png>]

LaTeX Warning: Citation 'esterDensityBasedAlgorithmDiscovering1996' on page 40 
undefined on input line 141.


LaTeX Warning: Citation 'liuVDBSCANVariedDensity2007' on page 40 undefined on i
nput line 143.


LaTeX Warning: Citation 'ankerstOPTICSOrderingPoints1999' on page 40 undefined 
on input line 145.

<figs/ch6/motion_comp.png, id=1448, 781.9614pt x 258.7266pt>
File: figs/ch6/motion_comp.png Graphic file (type png)
<use figs/ch6/motion_comp.png>
Package pdftex.def Info: figs/ch6/motion_comp.png  used on input line 172.
(pdftex.def)             Requested size: 419.96643pt x 138.95622pt.


[40]
Package acronym Info: Label `acro:ESKF' newly defined as it shall be overridden

although it is yet undefined on input line 178.


LaTeX Warning: Citation 'vitaliRobustErrorStateKalman2021' on page 41 undefined
 on input line 178.

Package acronym Info: Label `acro:KF' newly defined as it shall be overridden
although it is yet undefined on input line 178.

LaTeX Warning: Citation 'salmonyPms67AttitudeEstimation2025' on page 41 undefin
ed on input line 178.


Overfull \hbox (68.21584pt too wide) in paragraph at lines 178--179
\T1/EBGaramond-OsF/m/n/10.95 ple-men-ted was a tra-di-tional [][][]Kalman Fil-t
er ([])[], which was ini-tially de-veloped by Philip Sal-mony ([]).
 []



[41 <./figs/ch6/motion_comp.png>]

LaTeX Warning: Citation 'grewalApplicationsKalmanFiltering2010' on page 42 unde
fined on input line 247.


Overfull \hbox (106.74806pt too wide) in paragraph at lines 247--248
\T1/EBGaramond-OsF/m/n/10.95 met-ers, and the angle es-tim-ates ob-served un-ti
l the mean re-sid-uals reached a min-imum, as re-com-men-ded by []. 
 []

<figs/ch6/threshold_pipe.png, id=1475, 753.0534pt x 88.1694pt>
File: figs/ch6/threshold_pipe.png Graphic file (type png)
<use figs/ch6/threshold_pipe.png>
Package pdftex.def Info: figs/ch6/threshold_pipe.png  used on input l