This is pdfTeX, Version 3.141592653-2.6-1.40.28 (TeX Live 2025) (preloaded format=pdflatex 2025.9.4)  21 JUN 2026 19:05
entering extended mode
 restricted \write18 enabled.
 %&-line parsing enabled.
**0_main.tex
(./0_main.tex
LaTeX2e <2025-06-01> patch level 1
L3 programming layer <2025-08-13>
(c:/texlive/2025/texmf-dist/tex/latex/base/book.cls
Document Class: book 2025/01/22 v1.4n Standard LaTeX document class
(c:/texlive/2025/texmf-dist/tex/latex/base/bk11.clo
File: bk11.clo 2025/01/22 v1.4n Standard LaTeX file (size option)
)
\c@part=\count275
\c@chapter=\count276
\c@section=\count277
\c@subsection=\count278
\c@subsubsection=\count279
\c@paragraph=\count280
\c@subparagraph=\count281
\c@figure=\count282
\c@table=\count283
\abovecaptionskip=\skip49
\belowcaptionskip=\skip50
\bibindent=\dimen148
)
(c:/texlive/2025/texmf-dist/tex/latex/base/fontenc.sty
Package: fontenc 2024/12/21 v2.1c Standard LaTeX package
)
(c:/texlive/2025/texmf-dist/tex/generic/babel/babel.sty
Package: babel 2025/08/03 v25.12 The multilingual framework for LuaLaTeX, pdfLa
TeX and XeLaTeX
\babel@savecnt=\count284
LaTeX Encoding Info:    Redeclaring text command \ij (encoding OT1) on input li
ne 2045.
LaTeX Encoding Info:    Redeclaring text command \IJ (encoding OT1) on input li
ne 2047.
LaTeX Encoding Info:    Redeclaring text command \ij (encoding T1) on input lin
e 2049.
LaTeX Encoding Info:    Redeclaring text command \IJ (encoding T1) on input lin
e 2050.
LaTeX Encoding Info:    Ignoring declaration for text command \ij (encoding ?) 
on input line 2051.
LaTeX Encoding Info:    Ignoring declaration for text command \IJ (encoding ?) 
on input line 2053.
LaTeX Encoding Info:    Ignoring declaration for text command \SS (encoding ?) 
on input line 2078.
\U@D=\dimen149
\l@unhyphenated=\language90

(c:/texlive/2025/texmf-dist/tex/generic/babel/txtbabel.def)
\bbl@readstream=\read2
\bbl@dirlevel=\count285

(c:/texlive/2025/texmf-dist/tex/generic/babel-english/british.ldf
Language: british 2017/06/06 v3.3r English support from the babel system

(c:/texlive/2025/texmf-dist/tex/generic/babel-english/english.ldf
Language: english 2017/06/06 v3.3r English support from the babel system

(c:/texlive/2025/texmf-dist/tex/generic/babel/locale/en/babel-british.tex
Package babel Info: Importing font and identification data for british
(babel)             from babel-en-GB.ini. Reported on input line 12.
)
Package babel Info: Hyphen rules for 'canadian' set to \l@english
(babel)             (\language0). Reported on input line 102.
Package babel Info: Hyphen rules for 'australian' set to \l@ukenglish
(babel)             (\language22). Reported on input line 105.
Package babel Info: Hyphen rules for 'newzealand' set to \l@ukenglish
(babel)             (\language22). Reported on input line 108.
)))
(c:/texlive/2025/texmf-dist/tex/latex/setspace/setspace.sty
Package: setspace 2022/12/04 v6.7b set line spacing
)
(c:/texlive/2025/texmf-dist/tex/latex/geometry/geometry.sty
Package: geometry 2020/01/02 v5.9 Page Geometry

(c:/texlive/2025/texmf-dist/tex/latex/graphics/keyval.sty
Package: keyval 2022/05/29 v1.15 key=value parser (DPC)
\KV@toks@=\toks17
)
(c:/texlive/2025/texmf-dist/tex/generic/iftex/ifvtex.sty
Package: ifvtex 2019/10/25 v1.7 ifvtex legacy package. Use iftex instead.

(c:/texlive/2025/texmf-dist/tex/generic/iftex/iftex.sty
Package: iftex 2024/12/12 v1.0g TeX engine tests
))
\Gm@cnth=\count286
\Gm@cntv=\count287
\c@Gm@tempcnt=\count288
\Gm@bindingoffset=\dimen150
\Gm@wd@mp=\dimen151
\Gm@odd@mp=\dimen152
\Gm@even@mp=\dimen153
\Gm@layoutwidth=\dimen154
\Gm@layoutheight=\dimen155
\Gm@layouthoffset=\dimen156
\Gm@layoutvoffset=\dimen157
\Gm@dimlist=\toks18
)
(c:/texlive/2025/texmf-dist/tex/latex/koma-script/scrextend.sty
Package: scrextend 2025/08/28 v3.47 KOMA-Script package (extend other classes w
ith features of KOMA-Script classes)

(c:/texlive/2025/texmf-dist/tex/latex/koma-script/scrkbase.sty
Package: scrkbase 2025/08/28 v3.47 KOMA-Script package (KOMA-Script-dependent b
asics and keyval usage)

(c:/texlive/2025/texmf-dist/tex/latex/koma-script/scrbase.sty
Package: scrbase 2025/08/28 v3.47 KOMA-Script package (KOMA-Script-independent 
basics and keyval usage)

(c:/texlive/2025/texmf-dist/tex/latex/koma-script/scrlfile.sty
Package: scrlfile 2025/08/28 v3.47 KOMA-Script package (file load hooks)

(c:/texlive/2025/texmf-dist/tex/latex/koma-script/scrlfile-hook.sty
Package: scrlfile-hook 2025/08/28 v3.47 KOMA-Script package (using LaTeX hooks)


(c:/texlive/2025/texmf-dist/tex/latex/koma-script/scrlogo.sty
Package: scrlogo 2025/08/28 v3.47 KOMA-Script package (logo)
)))
Applying: [2021/05/01] Usage of raw or classic option list on input line 254.
Already applied: [0000/00/00] Usage of raw or classic option list on input line
 370.
)))
(c:/texlive/2025/texmf-dist/tex/latex/titlesec/titlesec.sty
Package: titlesec 2025/01/04 v2.17 Sectioning titles
\ttl@box=\box53
\beforetitleunit=\skip51
\aftertitleunit=\skip52
\ttl@plus=\dimen158
\ttl@minus=\dimen159
\ttl@toksa=\toks19
\titlewidth=\dimen160
\titlewidthlast=\dimen161
\titlewidthfirst=\dimen162
)
(c:/texlive/2025/texmf-dist/tex/latex/fancyhdr/fancyhdr.sty
Package: fancyhdr 2025/02/07 v5.2 Extensive control of page headers and footers

\f@nch@headwidth=\skip53
\f@nch@offset@elh=\skip54
\f@nch@offset@erh=\skip55
\f@nch@offset@olh=\skip56
\f@nch@offset@orh=\skip57
\f@nch@offset@elf=\skip58
\f@nch@offset@erf=\skip59
\f@nch@offset@olf=\skip60
\f@nch@offset@orf=\skip61
\f@nch@height=\skip62
\f@nch@footalignment=\skip63
\f@nch@widthL=\skip64
\f@nch@widthC=\skip65
\f@nch@widthR=\skip66
\@temptokenb=\toks20
)
(c:/texlive/2025/texmf-dist/tex/latex/lastpage/lastpage.sty
Package: lastpage 2025/08/14 v2.1h lastpage: 2.09 or 2e? (HMM)

(c:/texlive/2025/texmf-dist/tex/latex/lastpage/lastpage2e.sty
Package: lastpage2e 2025/08/14 v2.1h Decide which 2e lastpage version to use (H
MM)

(c:/texlive/2025/texmf-dist/tex/latex/lastpage/lastpagemodern.sty
Package: lastpagemodern 2025-08-14 v2.1h Refers to last page's name (HMM; JPG)
\c@lastpagecount=\count289
) 
)) (c:/texlive/2025/texmf-dist/tex/latex/footmisc/footmisc.sty
Package: footmisc 2025/05/09 v7.0b a miscellany of footnote facilities
\FN@temptoken=\toks21
\footnotemargin=\dimen163
Package footmisc Info: Declaring symbol style bringhurst on input line 549.
Package footmisc Info: Declaring symbol style chicago on input line 557.
Package footmisc Info: Declaring symbol style wiley on input line 566.
Package footmisc Info: Declaring symbol style lamport-robust on input line 577.

Package footmisc Info: Declaring symbol style lamport* on input line 597.
Package footmisc Info: Declaring symbol style lamport*-robust on input line 618
.
)
(c:/texlive/2025/texmf-dist/tex/latex/tocloft/tocloft.sty
Package: tocloft 2017/08/31 v2.3i parameterised ToC, etc., typesetting
Package tocloft Info: The document has chapter divisions on input line 51.
\cftparskip=\skip67
\cftbeforetoctitleskip=\skip68
\cftaftertoctitleskip=\skip69
\cftbeforepartskip=\skip70
\cftpartnumwidth=\skip71
\cftpartindent=\skip72
\cftbeforechapskip=\skip73
\cftchapindent=\skip74
\cftchapnumwidth=\skip75
\cftbeforesecskip=\skip76
\cftsecindent=\skip77
\cftsecnumwidth=\skip78
\cftbeforesubsecskip=\skip79
\cftsubsecindent=\skip80
\cftsubsecnumwidth=\skip81
\cftbeforesubsubsecskip=\skip82
\cftsubsubsecindent=\skip83
\cftsubsubsecnumwidth=\skip84
\cftbeforeparaskip=\skip85
\cftparaindent=\skip86
\cftparanumwidth=\skip87
\cftbeforesubparaskip=\skip88
\cftsubparaindent=\skip89
\cftsubparanumwidth=\skip90
\cftbeforeloftitleskip=\skip91
\cftafterloftitleskip=\skip92
\cftbeforefigskip=\skip93
\cftfigindent=\skip94
\cftfignumwidth=\skip95
\c@lofdepth=\count290
\c@lotdepth=\count291
\cftbeforelottitleskip=\skip96
\cftafterlottitleskip=\skip97
\cftbeforetabskip=\skip98
\cfttabindent=\skip99
\cfttabnumwidth=\skip100
)
(c:/texlive/2025/texmf-dist/tex/latex/import/import.sty
Package: import 2020/04/01  v 6.2
)
(c:/texlive/2025/texmf-dist/tex/latex/pdfpages/pdfpages.sty
Package: pdfpages 2025/07/23 v0.6g Insert pages of external PDF documents (AM)

(c:/texlive/2025/texmf-dist/tex/latex/base/ifthen.sty
Package: ifthen 2024/03/16 v1.1e Standard LaTeX ifthen package (DPC)
)
(c:/texlive/2025/texmf-dist/tex/latex/tools/calc.sty
Package: calc 2025/03/01 v4.3b Infix arithmetic (KKT,FJ)
\calc@Acount=\count292
\calc@Bcount=\count293
\calc@Adimen=\dimen164
\calc@Bdimen=\dimen165
\calc@Askip=\skip101
\calc@Bskip=\skip102
LaTeX Info: Redefining \setlength on input line 86.
LaTeX Info: Redefining \addtolength on input line 87.
\calc@Ccount=\count294
\calc@Cskip=\skip103
)
(c:/texlive/2025/texmf-dist/tex/latex/eso-pic/eso-pic.sty
Package: eso-pic 2023/05/03 v3.0c eso-pic (RN)
\ESO@tempdima=\dimen166
\ESO@tempdimb=\dimen167

(c:/texlive/2025/texmf-dist/tex/latex/xcolor/xcolor.sty
Package: xcolor 2024/09/29 v3.02 LaTeX color extensions (UK)

(c:/texlive/2025/texmf-dist/tex/latex/graphics-cfg/color.cfg
File: color.cfg 2016/01/02 v1.6 sample color configuration
)
Package xcolor Info: Driver file: pdftex.def on input line 274.

(c:/texlive/2025/texmf-dist/tex/latex/graphics-def/pdftex.def
File: pdftex.def 2024/04/13 v1.2c Graphics/color driver for pdftex
)
(c:/texlive/2025/texmf-dist/tex/latex/graphics/mathcolor.ltx)
Package xcolor Info: Model `cmy' substituted by `cmy0' on input line 1349.
Package xcolor Info: Model `hsb' substituted by `rgb' on input line 1353.
Package xcolor Info: Model `RGB' extended on input line 1365.
Package xcolor Info: Model `HTML' substituted by `rgb' on input line 1367.
Package xcolor Info: Model `Hsb' substituted by `hsb' on input line 1368.
Package xcolor Info: Model `tHsb' substituted by `hsb' on input line 1369.
Package xcolor Info: Model `HSB' substituted by `hsb' on input line 1370.
Package xcolor Info: Model `Gray' substituted by `gray' on input line 1371.
Package xcolor Info: Model `wave' substituted by `hsb' on input line 1372.
))
(c:/texlive/2025/texmf-dist/tex/latex/etoolbox/etoolbox.sty
Package: etoolbox 2025/02/11 v2.5l e-TeX tools for LaTeX (JAW)
\etb@tempcnta=\count295
)
(c:/texlive/2025/texmf-dist/tex/latex/graphics/graphicx.sty
Package: graphicx 2024/12/31 v1.2e Enhanced LaTeX Graphics (DPC,SPQR)

(c:/texlive/2025/texmf-dist/tex/latex/graphics/graphics.sty
Package: graphics 2024/08/06 v1.4g Standard LaTeX Graphics (DPC,SPQR)

(c:/texlive/2025/texmf-dist/tex/latex/graphics/trig.sty
Package: trig 2023/12/02 v1.11 sin cos tan (DPC)
)
(c:/texlive/2025/texmf-dist/tex/latex/graphics-cfg/graphics.cfg
File: graphics.cfg 2016/06/04 v1.11 sample graphics configuration
)
Package graphics Info: Driver file: pdftex.def on input line 106.
)
\Gin@req@height=\dimen168
\Gin@req@width=\dimen169
)
\AM@pagewidth=\dimen170
\AM@pageheight=\dimen171
\AM@fboxrule=\dimen172

(c:/texlive/2025/texmf-dist/tex/latex/pdfpages/pppdftex.def
File: pppdftex.def 2025/07/23 v0.6g Pdfpages driver for pdfTeX (AM)
)
\pdfpages@includegraphics@status=\count296
\AM@pagebox=\box54
\AM@global@opts=\toks22
\AM@pagecnt=\count297
\AM@toc@title=\toks23
\AM@lof@heading=\toks24
\c@AM@survey=\count298
\AM@templatesizebox=\box55
)
(c:/texlive/2025/texmf-dist/tex/latex/tools/xspace.sty
Package: xspace 2014/10/28 v1.13 Space after command names (DPC,MH)
)
(c:/texlive/2025/texmf-dist/tex/latex/datetime/datetime.sty
Package: datetime 2015/03/20 v2.60 Date Time Package

(c:/texlive/2025/texmf-dist/tex/latex/fmtcount/fmtcount.sty
Package: fmtcount 2025/08/23 v3.11 Displaying the values of LaTeX counters (NT,
VB,NE)

(c:/texlive/2025/texmf-dist/tex/latex/xkeyval/xkeyval.sty
Package: xkeyval 2022/06/16 v2.9 package option processing (HA)

(c:/texlive/2025/texmf-dist/tex/generic/xkeyval/xkeyval.tex
(c:/texlive/2025/texmf-dist/tex/generic/xkeyval/xkvutils.tex
\XKV@toks=\toks25
\XKV@tempa@toks=\toks26
)
\XKV@depth=\count299
File: xkeyval.tex 2014/12/03 v2.7a key=value parser (HA)
))
(c:/texlive/2025/texmf-dist/tex/latex/fmtcount/fcprefix.sty
Package: fcprefix 2012/09/28

(c:/texlive/2025/texmf-dist/tex/latex/fmtcount/fcnumparser.sty
Package: fcnumparser 2017/06/15
\fc@digit@counter=\count300
))
(c:/texlive/2025/texmf-dist/tex/latex/amsmath/amsgen.sty
File: amsgen.sty 1999/11/30 v2.0 generic functions
\@emptytoks=\toks27
\ex@=\dimen173
)
\c@padzeroesN=\count301
\fc@tmpcatcode=\count302

(c:/texlive/2025/texmf-dist/tex/latex/fmtcount/fc-english.def
File: fc-english.def 2016/01/12
)
(c:/texlive/2025/texmf-dist/tex/latex/fmtcount/fc-british.def
File: fc-british.def 2013/08/17
)
\@DT@modctr=\count303
\@ordinalctr=\count304
\@orgargctr=\count305
\@strctr=\count306
\@tmpstrctr=\count307
\@DT@loopN=\count308
\@DT@X=\count309
)
(c:/texlive/2025/texmf-dist/tex/latex/datetime/datetime-defaults.sty
Package: datetime-defaults 2013/09/10
)
\@day=\count310
\@month=\count311
\@year=\count312
\c@HOUR=\count313
\c@HOURXII=\count314
\c@MINUTE=\count315
\c@TOHOUR=\count316
\c@TOMINUTE=\count317
\c@SECOND=\count318
\currenthour=\count319
\currentminute=\count320
\currentsecond=\count321
Package datetime Info: No datetime.cfg file found, using default settings on in
put line 308.
\@dtctr=\count322
\dayofyear=\count323
\dayofweek=\count324
LaTeX Info: Redefining \today on input line 736.

(c:/texlive/2025/texmf-dist/tex/latex/datetime/dt-british.def
File: dt-british.def 2013/09/10
)
\dt@a=\toks28
\dt@b=\toks29
)
(c:/texlive/2025/texmf-dist/tex/latex/datetime2/datetime2.sty
Package: datetime2 2021/03/21 v1.5.7 (NLCT) date and time formats

(c:/texlive/2025/texmf-dist/tex/latex/tracklang/tracklang.sty
Package: tracklang 2025/03/11 v1.6.6 (NLCT) Track Languages

(c:/texlive/2025/texmf-dist/tex/generic/tracklang/tracklang.tex)
Package tracklang Info: Tracking dialect `british' (language `english') on inpu
t line 264.
Package tracklang Info: Tracking dialect `british' (language `english') on inpu
t line 264.
)
Package tracklang Info: Tracking dialect `british' (language `english') on inpu
t line 217.

(c:/texlive/2025/texmf-dist/tex/latex/datetime2-english/datetime2-en-GB.ldf
File: datetime2-en-GB.ldf 2019/10/21 v1.05 (NLCT)

(c:/texlive/2025/texmf-dist/tex/latex/datetime2-english/datetime2-english-base.
ldf
File: datetime2-english-base.ldf 2019/10/21 v1.05 (NLCT)
))) (c:/texlive/2025/texmf-dist/tex/latex/glossaries/base/glossaries.sty
Package: glossaries 2025/08/11 v4.8 (NLCT)

(c:/texlive/2025/texmf-dist/tex/latex/mfirstuc/mfirstuc.sty
Package: mfirstuc 2025/04/03 v2.09 (NLCT)
\@glsmfirst=\toks30
\@glsmrest=\toks31
)
(c:/texlive/2025/texmf-dist/tex/latex/xfor/xfor.sty
Package: xfor 2009/02/05 v1.05 (NLCT)
)
(c:/texlive/2025/texmf-dist/tex/latex/translator/translator.sty
Package: translator 2021-05-31 v1.12d Easy translation of strings in LaTeX
)
(c:/texlive/2025/texmf-dist/tex/latex/glossaries-english/glossaries-english.ldf
File: glossaries-english.ldf 2014/11/23 v1.0
) (c:/texlive/2025/texmf-dist/tex/latex/datatool/datatool-base.sty
Package: datatool-base 2025/04/25 v3.4.1 (NLCT)

(c:/texlive/2025/texmf-dist/tex/latex/amsmath/amsmath.sty
Package: amsmath 2025/06/16 v2.17y AMS math features
\@mathmargin=\skip104

For additional information on amsmath, use the `?' option.
(c:/texlive/2025/texmf-dist/tex/latex/amsmath/amstext.sty
Package: amstext 2024/11/17 v2.01 AMS text
)
(c:/texlive/2025/texmf-dist/tex/latex/amsmath/amsbsy.sty
Package: amsbsy 1999/11/29 v1.2d Bold Symbols
\pmbraise@=\dimen174
)
(c:/texlive/2025/texmf-dist/tex/latex/amsmath/amsopn.sty
Package: amsopn 2022/04/08 v2.04 operator names
)
\inf@bad=\count325
LaTeX Info: Redefining \frac on input line 233.
\uproot@=\count326
\leftroot@=\count327
LaTeX Info: Redefining \overline on input line 398.
LaTeX Info: Redefining \colon on input line 409.
\classnum@=\count328
\DOTSCASE@=\count329
LaTeX Info: Redefining \ldots on input line 495.
LaTeX Info: Redefining \dots on input line 498.
LaTeX Info: Redefining \cdots on input line 619.
\Mathstrutbox@=\box56
\strutbox@=\box57
LaTeX Info: Redefining \big on input line 721.
LaTeX Info: Redefining \Big on input line 722.
LaTeX Info: Redefining \bigg on input line 723.
LaTeX Info: Redefining \Bigg on input line 724.
\big@size=\dimen175
LaTeX Font Info:    Redeclaring font encoding OML on input line 742.
LaTeX Font Info:    Redeclaring font encoding OMS on input line 743.
\macc@depth=\count330
LaTeX Info: Redefining \bmod on input line 904.
LaTeX Info: Redefining \pmod on input line 909.
LaTeX Info: Redefining \smash on input line 939.
LaTeX Info: Redefining \relbar on input line 969.
LaTeX Info: Redefining \Relbar on input line 970.
\c@MaxMatrixCols=\count331
\dotsspace@=\muskip17
\c@parentequation=\count332
\dspbrk@lvl=\count333
\tag@help=\toks32
\row@=\count334
\column@=\count335
\maxfields@=\count336
\andhelp@=\toks33
\eqnshift@=\dimen176
\alignsep@=\dimen177
\tagshift@=\dimen178
\tagwidth@=\dimen179
\totwidth@=\dimen180
\lineht@=\dimen181
\@envbody=\toks34
\multlinegap=\skip105
\multlinetaggap=\skip106
\mathdisplay@stack=\toks35
LaTeX Info: Redefining \[ on input line 2949.
LaTeX Info: Redefining \] on input line 2950.
)
(c:/texlive/2025/texmf-dist/tex/latex/datatool/datatool-l3fp.def
File: datatool-l3fp.def 2025/04/25 v3.4.1 (NLCT)
)
\@dtl@toks=\toks36
\@dtl@tmpcount=\count337
\dtl@tmplength=\skip107
\l__datatool_measure_box=\box58
\dtl@sortresult=\count338

(c:/texlive/2025/texmf-dist/tex/latex/datatool/datatool-utf8.ldf
File: datatool-utf8.ldf 2025/04/25 v3.4.1 (NLCT)
)
\@dtl@datatype=\count339
\l__datatool_tmpa_int=\count340
\l__datatool_tmpb_int=\count341
\l__datatool_tmpc_int=\count342
\l__datatool_tmpd_int=\count343
\l__datatool_count_int=\count344
\l__datatool_tmp_datatype_int=\count345
\l__datatool_tmpa_dim=\dimen182
\l__datatool_tmpb_dim=\dimen183
\c_datatool_unknown_int=\count346
\l__datatool_year_int=\count347
\l__datatool_month_int=\count348
\l__datatool_day_int=\count349
\l__datatool_hour_int=\count350
\l__datatool_minute_int=\count351
\l__datatool_second_int=\count352
\l__datatool_tzhour_int=\count353
\l__datatool_tzminute_int=\count354
\l__datatool_julian_int=\count355
\l__datatool_local_julian_int=\count356
\l__datatool_prefix_int=\count357
\l__datatool_suffix_int=\count358
\@dtl@foreach@level=\count359

(c:/texlive/2025/texmf-dist/tex/latex/datatool-regions/datatool-GB.ldf
File: datatool-GB.ldf 2025/03/01 v1.0
)
(c:/texlive/2025/texmf-dist/tex/latex/datatool-english/datatool-english.ldf
File: datatool-english.ldf 2025/03/12 v1.1 (NLCT)

(c:/texlive/2025/texmf-dist/tex/latex/datatool-english/datatool-english-utf8.ld
f
File: datatool-english-utf8.ldf 2025/03/12 v1.1 (NLCT)
))
\dtl@codeA=\count360
\dtl@codeB=\count361
)
\gls@level=\count362
\@gls@tmpb=\toks37
\gls@tmplen=\skip108
\l__glossaries_tmpa_dim=\dimen184
\l__glossaries_tmpb_dim=\dimen185
\glskeylisttok=\toks38
\glslabeltok=\toks39
\glsshorttok=\toks40
\glslongtok=\toks41

(c:/texlive/2025/texmf-dist/tex/latex/glossaries/styles/glossary-hypernav.sty
Package: glossary-hypernav 2025/08/11 v4.8 (NLCT)
)
(c:/texlive/2025/texmf-dist/tex/latex/glossaries/styles/glossary-list.sty
Package: glossary-list 2025/08/11 v4.8 (NLCT)
\glslistdottedwidth=\skip109
)
(c:/texlive/2025/texmf-dist/tex/latex/glossaries/styles/glossary-long.sty
Package: glossary-long 2025/08/11 v4.8 (NLCT)

(c:/texlive/2025/texmf-dist/tex/latex/tools/longtable.sty
Package: longtable 2024-12-18 v4.23 Multi-page Table package (DPC)
\LTleft=\skip110
\LTright=\skip111
\LTpre=\skip112
\LTpost=\skip113
\LTchunksize=\count363
\LTcapwidth=\dimen186
\LT@head=\box59
\LT@firsthead=\box60
\LT@foot=\box61
\LT@lastfoot=\box62
\LT@gbox=\box63
\LT@cols=\count364
\LT@rows=\count365
\c@LT@tables=\count366
\c@LT@chunks=\count367
\LT@p@ftn=\toks42
)
\glsdescwidth=\skip114
\glspagelistwidth=\skip115
)
(c:/texlive/2025/texmf-dist/tex/latex/glossaries/styles/glossary-super.sty
Package: glossary-super 2025/08/11 v4.8 (NLCT)

(c:/texlive/2025/texmf-dist/tex/latex/supertabular/supertabular.sty
Package: supertabular 2024/07/20 v4.2c the supertabular environment
\c@tracingst=\count368
\ST@wd=\dimen187
\ST@rightskip=\skip116
\ST@leftskip=\skip117
\ST@parfillskip=\skip118
\ST@pageleft=\dimen188
\ST@headht=\dimen189
\ST@tailht=\dimen190
\ST@pagesofar=\dimen191
\ST@pboxht=\dimen192
\ST@rowht=\dimen193
\ST@prevht=\dimen194
\ST@toadd=\dimen195
\ST@dimen=\dimen196
\ST@pbox=\box64
))
(c:/texlive/2025/texmf-dist/tex/latex/glossaries/styles/glossary-tree.sty
Package: glossary-tree 2025/08/11 v4.8 (NLCT)
\l__glossaries_tree_max_known_level_int=\count369
\l__glossaries_tree_offset_dim=\dimen197
\l__glossaries_tree_namewidth_dim=\dimen198
\l__glossaries_tree_symbolwidth_dim=\dimen199
\l__glossaries_tree_prenamesym_width_dim=\dimen256
\l__glossaries_tree_presubnamesym_width_dim=\dimen257
\l__glossaries_tree_namewidth_padding_dim=\dimen258
\l__glossaries_tree_symbolwidth_padding_dim=\dimen259
\l__glossaries_tree_namesymbolwidth_dim=\dimen260
\l__glossaries_tree_namesymbolwidth_padding_dim=\dimen261
\l__glossaries_tree_level_int=\count370
\glstreeindent=\skip119
))
(c:/texlive/2025/texmf-dist/tex/latex/base/fix-cm.sty
Package: fix-cm 2020/11/24 v1.1t fixes to LaTeX

(c:/texlive/2025/texmf-dist/tex/latex/base/ts1enc.def
File: ts1enc.def 2001/06/05 v3.0e (jk/car/fm) Standard LaTeX file
LaTeX Font Info:    Redeclaring font encoding TS1 on input line 47.
LaTeX Encoding Info:    Redeclaring text command \capitalcedilla (encoding TS1)
 on input line 49.
LaTeX Encoding Info:    Redeclaring text command \capitalogonek (encoding TS1) 
on input line 52.
LaTeX Encoding Info:    Redeclaring text command \capitalgrave (encoding TS1) o
n input line 55.
LaTeX Encoding Info:    Redeclaring text command \capitalacute (encoding TS1) o
n input line 56.
LaTeX Encoding Info:    Redeclaring text command \capitalcircumflex (encoding T
S1) on input line 57.
LaTeX Encoding Info:    Redeclaring text command \capitaltilde (encoding TS1) o
n input line 58.
LaTeX Encoding Info:    Redeclaring text command \capitaldieresis (encoding TS1
) on input line 59.
LaTeX Encoding Info:    Redeclaring text command \capitalhungarumlaut (encoding
 TS1) on input line 60.
LaTeX Encoding Info:    Redeclaring text command \capitalring (encoding TS1) on
 input line 61.
LaTeX Encoding Info:    Redeclaring text command \capitalcaron (encoding TS1) o
n input line 62.
LaTeX Encoding Info:    Redeclaring text command \capitalbreve (encoding TS1) o
n input line 63.
LaTeX Encoding Info:    Redeclaring text command \capitalmacron (encoding TS1) 
on input line 64.
LaTeX Encoding Info:    Redeclaring text command \capitaldotaccent (encoding TS
1) on input line 65.
LaTeX Encoding Info:    Redeclaring text command \t (encoding TS1) on input lin
e 66.
LaTeX Encoding Info:    Redeclaring text command \capitaltie (encoding TS1) on 
input line 67.
LaTeX Encoding Info:    Redeclaring text command \newtie (encoding TS1) on inpu
t line 68.
LaTeX Encoding Info:    Redeclaring text command \capitalnewtie (encoding TS1) 
on input line 69.
LaTeX Encoding Info:    Redeclaring text symbol \textcapitalcompwordmark (encod
ing TS1) on input line 70.
LaTeX Encoding Info:    Redeclaring text symbol \textascendercompwordmark (enco
ding TS1) on input line 71.
LaTeX Encoding Info:    Redeclaring text symbol \textquotestraightbase (encodin
g TS1) on input line 72.
LaTeX Encoding Info:    Redeclaring text symbol \textquotestraightdblbase (enco
ding TS1) on input line 73.
LaTeX Encoding Info:    Redeclaring text symbol \texttwelveudash (encoding TS1)
 on input line 74.
LaTeX Encoding Info:    Redeclaring text symbol \textthreequartersemdash (encod
ing TS1) on input line 75.
LaTeX Encoding Info:    Redeclaring text symbol \textleftarrow (encoding TS1) o
n input line 76.
LaTeX Encoding Info:    Redeclaring text symbol \textrightarrow (encoding TS1) 
on input line 77.
LaTeX Encoding Info:    Redeclaring text symbol \textblank (encoding TS1) on in
put line 78.
LaTeX Encoding Info:    Redeclaring text symbol \textdollar (encoding TS1) on i
nput line 79.
LaTeX Encoding Info:    Redeclaring text symbol \textquotesingle (encoding TS1)
 on input line 80.
LaTeX Encoding Info:    Redeclaring text command \textasteriskcentered (encodin
g TS1) on input line 81.
LaTeX Encoding Info:    Redeclaring text symbol \textdblhyphen (encoding TS1) o
n input line 92.
LaTeX Encoding Info:    Redeclaring text symbol \textfractionsolidus (encoding 
TS1) on input line 93.
LaTeX Encoding Info:    Redeclaring text symbol \textzerooldstyle (encoding TS1
) on input line 94.
LaTeX Encoding Info:    Redeclaring text symbol \textoneoldstyle (encoding TS1)
 on input line 95.
LaTeX Encoding Info:    Redeclaring text symbol \texttwooldstyle (encoding TS1)
 on input line 96.
LaTeX Encoding Info:    Redeclaring text symbol \textthreeoldstyle (encoding TS
1) on input line 97.
LaTeX Encoding Info:    Redeclaring text symbol \textfouroldstyle (encoding TS1
) on input line 98.
LaTeX Encoding Info:    Redeclaring text symbol \textfiveoldstyle (encoding TS1
) on input line 99.
LaTeX Encoding Info:    Redeclaring text symbol \textsixoldstyle (encoding TS1)
 on input line 100.
LaTeX Encoding Info:    Redeclaring text symbol \textsevenoldstyle (encoding TS
1) on input line 101.
LaTeX Encoding Info:    Redeclaring text symbol \texteightoldstyle (encoding TS
1) on input line 102.
LaTeX Encoding Info:    Redeclaring text symbol \textnineoldstyle (encoding TS1
) on input line 103.
LaTeX Encoding Info:    Redeclaring text symbol \textlangle (encoding TS1) on i
nput line 104.
LaTeX Encoding Info:    Redeclaring text symbol \textminus (encoding TS1) on in
put line 105.
LaTeX Encoding Info:    Redeclaring text symbol \textrangle (encoding TS1) on i
nput line 106.
LaTeX Encoding Info:    Redeclaring text symbol \textmho (encoding TS1) on inpu
t line 107.
LaTeX Encoding Info:    Redeclaring text symbol \textbigcircle (encoding TS1) o
n input line 108.
LaTeX Encoding Info:    Redeclaring text command \textcircled (encoding TS1) on
 input line 109.
LaTeX Encoding Info:    Redeclaring text symbol \textohm (encoding TS1) on inpu
t line 115.
LaTeX Encoding Info:    Redeclaring text symbol \textlbrackdbl (encoding TS1) o
n input line 116.
LaTeX Encoding Info:    Redeclaring text symbol \textrbrackdbl (encoding TS1) o
n input line 117.
LaTeX Encoding Info:    Redeclaring text symbol \textuparrow (encoding TS1) on 
input line 118.
LaTeX Encoding Info:    Redeclaring text symbol \textdownarrow (encoding TS1) o
n input line 119.
LaTeX Encoding Info:    Redeclaring text symbol \textasciigrave (encoding TS1) 
on input line 120.
LaTeX Encoding Info:    Redeclaring text symbol \textborn (encoding TS1) on inp
ut line 121.
LaTeX Encoding Info:    Redeclaring text symbol \textdivorced (encoding TS1) on
 input line 122.
LaTeX Encoding Info:    Redeclaring text symbol \textdied (encoding TS1) on inp
ut line 123.
LaTeX Encoding Info:    Redeclaring text symbol \textleaf (encoding TS1) on inp
ut line 124.
LaTeX Encoding Info:    Redeclaring text symbol \textmarried (encoding TS1) on 
input line 125.
LaTeX Encoding Info:    Redeclaring text symbol \textmusicalnote (encoding TS1)
 on input line 126.
LaTeX Encoding Info:    Redeclaring text symbol \texttildelow (encoding TS1) on
 input line 127.
LaTeX Encoding Info:    Redeclaring text symbol \textdblhyphenchar (encoding TS
1) on input line 128.
LaTeX Encoding Info:    Redeclaring text symbol \textasciibreve (encoding TS1) 
on input line 129.
LaTeX Encoding Info:    Redeclaring text symbol \textasciicaron (encoding TS1) 
on input line 130.
LaTeX Encoding Info:    Redeclaring text symbol \textacutedbl (encoding TS1) on
 input line 131.
LaTeX Encoding Info:    Redeclaring text symbol \textgravedbl (encoding TS1) on
 input line 132.
LaTeX Encoding Info:    Redeclaring text symbol \textdagger (encoding TS1) on i
nput line 133.
LaTeX Encoding Info:    Redeclaring text symbol \textdaggerdbl (encoding TS1) o
n input line 134.
LaTeX Encoding Info:    Redeclaring text symbol \textbardbl (encoding TS1) on i
nput line 135.
LaTeX Encoding Info:    Redeclaring text symbol \textperthousand (encoding TS1)
 on input line 136.
LaTeX Encoding Info:    Redeclaring text symbol \textbullet (encoding TS1) on i
nput line 137.
LaTeX Encoding Info:    Redeclaring text symbol \textcelsius (encoding TS1) on 
input line 138.
LaTeX Encoding Info:    Redeclaring text symbol \textdollaroldstyle (encoding T
S1) on input line 139.
LaTeX Encoding Info:    Redeclaring text symbol \textcentoldstyle (encoding TS1
) on input line 140.
LaTeX Encoding Info:    Redeclaring text symbol \textflorin (encoding TS1) on i
nput line 141.
LaTeX Encoding Info:    Redeclaring text symbol \textcolonmonetary (encoding TS
1) on input line 142.
LaTeX Encoding Info:    Redeclaring text symbol \textwon (encoding TS1) on inpu
t line 143.
LaTeX Encoding Info:    Redeclaring text symbol \textnaira (encoding TS1) on in
put line 144.
LaTeX Encoding Info:    Redeclaring text symbol \textguarani (encoding TS1) on 
input line 145.
LaTeX Encoding Info:    Redeclaring text symbol \textpeso (encoding TS1) on inp
ut line 146.
LaTeX Encoding Info:    Redeclaring text symbol \textlira (encoding TS1) on inp
ut line 147.
LaTeX Encoding Info:    Redeclaring text symbol \textrecipe (encoding TS1) on i
nput line 148.
LaTeX Encoding Info:    Redeclaring text symbol \textinterrobang (encoding TS1)
 on input line 149.
LaTeX Encoding Info:    Redeclaring text symbol \textinterrobangdown (encoding 
TS1) on input line 150.
LaTeX Encoding Info:    Redeclaring text symbol \textdong (encoding TS1) on inp
ut line 151.
LaTeX Encoding Info:    Redeclaring text symbol \texttrademark (encoding TS1) o
n input line 152.
LaTeX Encoding Info:    Redeclaring text symbol \textpertenthousand (encoding T
S1) on input line 153.
LaTeX Encoding Info:    Redeclaring text symbol \textpilcrow (encoding TS1) on 
input line 154.
LaTeX Encoding Info:    Redeclaring text symbol \textbaht (encoding TS1) on inp
ut line 155.
LaTeX Encoding Info:    Redeclaring text symbol \textnumero (encoding TS1) on i
nput line 156.
LaTeX Encoding Info:    Redeclaring text symbol \textdiscount (encoding TS1) on
 input line 157.
LaTeX Encoding Info:    Redeclaring text symbol \textestimated (encoding TS1) o
n input line 158.
LaTeX Encoding Info:    Redeclaring text symbol \textopenbullet (encoding TS1) 
on input line 159.
LaTeX Encoding Info:    Redeclaring text symbol \textservicemark (encoding TS1)
 on input line 160.
LaTeX Encoding Info:    Redeclaring text symbol \textlquill (encoding TS1) on i
nput line 161.
LaTeX Encoding Info:    Redeclaring text symbol \textrquill (encoding TS1) on i
nput line 162.
LaTeX Encoding Info:    Redeclaring text symbol \textcent (encoding TS1) on inp
ut line 163.
LaTeX Encoding Info:    Redeclaring text symbol \textsterling (encoding TS1) on
 input line 164.
LaTeX Encoding Info:    Redeclaring text symbol \textcurrency (encoding TS1) on
 input line 165.
LaTeX Encoding Info:    Redeclaring text symbol \textyen (encoding TS1) on inpu
t line 166.
LaTeX Encoding Info:    Redeclaring text symbol \textbrokenbar (encoding TS1) o
n input line 167.
LaTeX Encoding Info:    Redeclaring text symbol \textsection (encoding TS1) on 
input line 168.
LaTeX Encoding Info:    Redeclaring text symbol \textasciidieresis (encoding TS
1) on input line 169.
LaTeX Encoding Info:    Redeclaring text symbol \textcopyright (encoding TS1) o
n input line 170.
LaTeX Encoding Info:    Redeclaring text symbol \textordfeminine (encoding TS1)
 on input line 171.
LaTeX Encoding Info:    Redeclaring text symbol \textcopyleft (encoding TS1) on
 input line 172.
LaTeX Encoding Info:    Redeclaring text symbol \textlnot (encoding TS1) on inp
ut line 173.
LaTeX Encoding Info:    Redeclaring text symbol \textcircledP (encoding TS1) on
 input line 174.
LaTeX Encoding Info:    Redeclaring text symbol \textregistered (encoding TS1) 
on input line 175.
LaTeX Encoding Info:    Redeclaring text symbol \textasciimacron (encoding TS1)
 on input line 176.
LaTeX Encoding Info:    Redeclaring text symbol \textdegree (encoding TS1) on i
nput line 177.
LaTeX Encoding Info:    Redeclaring text symbol \textpm (encoding TS1) on input
 line 178.
LaTeX Encoding Info:    Redeclaring text symbol \texttwosuperior (encoding TS1)
 on input line 179.
LaTeX Encoding Info:    Redeclaring text symbol \textthreesuperior (encoding TS
1) on input line 180.
LaTeX Encoding Info:    Redeclaring text symbol \textasciiacute (encoding TS1) 
on input line 181.
LaTeX Encoding Info:    Redeclaring text symbol \textmu (encoding TS1) on input
 line 182.
LaTeX Encoding Info:    Redeclaring text symbol \textparagraph (encoding TS1) o
n input line 183.
LaTeX Encoding Info:    Redeclaring text symbol \textperiodcentered (encoding T
S1) on input line 184.
LaTeX Encoding Info:    Redeclaring text symbol \textreferencemark (encoding TS
1) on input line 185.
LaTeX Encoding Info:    Redeclaring text symbol \textonesuperior (encoding TS1)
 on input line 186.
LaTeX Encoding Info:    Redeclaring text symbol \textordmasculine (encoding TS1
) on input line 187.
LaTeX Encoding Info:    Redeclaring text symbol \textsurd (encoding TS1) on inp
ut line 188.
LaTeX Encoding Info:    Redeclaring text symbol \textonequarter (encoding TS1) 
on input line 189.
LaTeX Encoding Info:    Redeclaring text symbol \textonehalf (encoding TS1) on 
input line 190.
LaTeX Encoding Info:    Redeclaring text symbol \textthreequarters (encoding TS
1) on input line 191.
LaTeX Encoding Info:    Redeclaring text symbol \texteuro (encoding TS1) on inp
ut line 192.
LaTeX Encoding Info:    Redeclaring text symbol \texttimes (encoding TS1) on in
put line 193.
LaTeX Encoding Info:    Redeclaring text symbol \textdiv (encoding TS1) on inpu
t line 194.
))
(c:/texlive/2025/texmf-dist/tex/latex/graphics/dvipsnam.def
File: dvipsnam.def 2016/06/17 v3.0m Driver-dependent file (DPC,SPQR)
)
(c:/texlive/2025/texmf-dist/tex/latex/colortbl/colortbl.sty
Package: colortbl 2024/10/29 v1.0k Color table columns (DPC)

(c:/texlive/2025/texmf-dist/tex/latex/tools/array.sty
Package: array 2025/06/08 v2.6j Tabular extension package (FMi)
\col@sep=\dimen262
\ar@mcellbox=\box65
\extrarowheight=\dimen263
\NC@list=\toks43
\extratabsurround=\skip120
\backup@length=\skip121
\ar@cellbox=\box66
)
\everycr=\toks44
\minrowclearance=\skip122
\rownum=\count371
)

LaTeX Warning: Package "xcolor" has already been loaded: ignoring load-time
(LaTeX)        option "xcdraw".

(c:/texlive/2025/texmf-dist/tex/latex/gensymb/gensymb.sty
Package: gensymb 2022/10/17 v1.0.2 (KJH)
)
(c:/texlive/2025/texmf-dist/tex/latex/ebgaramond/ebgaramond.sty
Package: ebgaramond 2024/04/23 (Bob Tennent and autoinst) Style file for EB Gar
amond fonts.

(c:/texlive/2025/texmf-dist/tex/generic/iftex/ifxetex.sty
Package: ifxetex 2019/10/25 v0.7 ifxetex legacy package. Use iftex instead.
)
(c:/texlive/2025/texmf-dist/tex/generic/iftex/ifluatex.sty
Package: ifluatex 2019/10/25 v1.5 ifluatex legacy package. Use iftex instead.
)
(c:/texlive/2025/texmf-dist/tex/latex/base/textcomp.sty
Package: textcomp 2024/04/24 v2.1b Standard LaTeX package
)
(c:/texlive/2025/texmf-dist/tex/latex/base/fontenc.sty
Package: fontenc 2024/12/21 v2.1c Standard LaTeX package
)
(c:/texlive/2025/texmf-dist/tex/latex/fontaxes/fontaxes.sty
Package: fontaxes 2025-05-24 v2.0.1 Font selection axes (deprecated)

(c:/texlive/2025/texmf-dist/tex/latex/figureversions/figureversions.sty
Package: figureversions 2025-04-29 v1.0.1 Figure versions
))
LaTeX Info: Redefining \oldstylenums on input line 163.
LaTeX Info: Redefining \textsw on input line 173.
)
(c:/texlive/2025/texmf-dist/tex/latex/float/float.sty
Package: float 2001/11/08 v1.3d Float enhancements (AL)
\c@float@type=\count372
\float@exts=\toks45
\float@box=\box67
\@float@everytoks=\toks46
\@floatcapt=\box68
)
(c:/texlive/2025/texmf-dist/tex/latex/wrapfig/wrapfig.sty
\wrapoverhang=\dimen264
\WF@size=\dimen265
\c@WF@wrappedlines=\count373
\WF@box=\box69
\WF@everypar=\toks47
Package: wrapfig 2003/01/31  v 3.6
)
(c:/texlive/2025/texmf-dist/tex/latex/graphics/lscape.sty
Package: lscape 2020/05/28 v3.02 Landscape Pages (DPC)
)
(c:/texlive/2025/texmf-dist/tex/latex/graphics/rotating.sty
Package: rotating 2025/01/14 v2.16e rotated objects in LaTeX
\c@r@tfl@t=\count374
\rotFPtop=\skip123
\rotFPbot=\skip124
\rot@float@box=\box70
\rot@mess@toks=\toks48
)
(c:/texlive/2025/texmf-dist/tex/latex/caption/subcaption.sty
Package: subcaption 2023/07/28 v1.6b Sub-captions (AR)

(c:/texlive/2025/texmf-dist/tex/latex/caption/caption.sty
Package: caption 2023/08/05 v3.6o Customizing captions (AR)

(c:/texlive/2025/texmf-dist/tex/latex/caption/caption3.sty
Package: caption3 2023/07/31 v2.4d caption3 kernel (AR)
\caption@tempdima=\dimen266
\captionmargin=\dimen267
\caption@leftmargin=\dimen268
\caption@rightmargin=\dimen269
\caption@width=\dimen270
\caption@indent=\dimen271
\caption@parindent=\dimen272
\caption@hangindent=\dimen273
Package caption Info: Standard document class detected.
)
\c@caption@flags=\count375
\c@continuedfloat=\count376
Package caption Info: float package is loaded.
Package caption Info: longtable package is loaded.

(c:/texlive/2025/texmf-dist/tex/latex/caption/ltcaption.sty
Package: ltcaption 2021/01/08 v1.4c longtable captions (AR)
)
Package caption Info: rotating package is loaded.
Package caption Info: scrextend package is loaded.
\caption@addmargin@hsize=\dimen274
\caption@addmargin@linewidth=\dimen275
Package caption Info: supertabular package is loaded.
Package caption Info: wrapfig package is loaded.
)
Package caption Info: New subtype `subfigure' on input line 238.
\c@subfigure=\count377
Package caption Info: New subtype `subtable' on input line 238.
\c@subtable=\count378
)
(c:/texlive/2025/texmf-dist/tex/latex/pgf/frontendlayer/tikz.sty
(c:/texlive/2025/texmf-dist/tex/latex/pgf/basiclayer/pgf.sty
(c:/texlive/2025/texmf-dist/tex/latex/pgf/utilities/pgfrcs.sty
(c:/texlive/2025/texmf-dist/tex/generic/pgf/utilities/pgfutil-common.tex
\pgfutil@everybye=\toks49
\pgfutil@tempdima=\dimen276
\pgfutil@tempdimb=\dimen277
)
(c:/texlive/2025/texmf-dist/tex/generic/pgf/utilities/pgfutil-latex.def
\pgfutil@abb=\box71
)
(c:/texlive/2025/texmf-dist/tex/generic/pgf/utilities/pgfrcs.code.tex
(c:/texlive/2025/texmf-dist/tex/generic/pgf/pgf.revision.tex)
Package: pgfrcs 2025-08-29 v3.1.11a (3.1.11a)
))
Package: pgf 2025-08-29 v3.1.11a (3.1.11a)

(c:/texlive/2025/texmf-dist/tex/latex/pgf/basiclayer/pgfcore.sty
(c:/texlive/2025/texmf-dist/tex/latex/pgf/systemlayer/pgfsys.sty
(c:/texlive/2025/texmf-dist/tex/generic/pgf/systemlayer/pgfsys.code.tex
Package: pgfsys 2025-08-29 v3.1.11a (3.1.11a)

(c:/texlive/2025/texmf-dist/tex/generic/pgf/utilities/pgfkeys.code.tex
\pgfkeys@pathtoks=\toks50
\pgfkeys@temptoks=\toks51

(c:/texlive/2025/texmf-dist/tex/generic/pgf/utilities/pgfkeyslibraryfiltered.co
de.tex
\pgfkeys@tmptoks=\toks52
))
\pgf@x=\dimen278
\pgf@y=\dimen279
\pgf@xa=\dimen280
\pgf@ya=\dimen281
\pgf@xb=\dimen282
\pgf@yb=\dimen283
\pgf@xc=\dimen284
\pgf@yc=\dimen285
\pgf@xd=\dimen286
\pgf@yd=\dimen287
\w@pgf@writea=\write3
\r@pgf@reada=\read3
\c@pgf@counta=\count379
\c@pgf@countb=\count380
\c@pgf@countc=\count381
\c@pgf@countd=\count382
\t@pgf@toka=\toks53
\t@pgf@tokb=\toks54
\t@pgf@tokc=\toks55
\pgf@sys@id@count=\count383
 (c:/texlive/2025/texmf-dist/tex/generic/pgf/systemlayer/pgf.cfg
File: pgf.cfg 2025-08-29 v3.1.11a (3.1.11a)
)
Driver file for pgf: pgfsys-pdftex.def

(c:/texlive/2025/texmf-dist/tex/generic/pgf/systemlayer/pgfsys-pdftex.def
File: pgfsys-pdftex.def 2025-08-29 v3.1.11a (3.1.11a)

(c:/texlive/2025/texmf-dist/tex/generic/pgf/systemlayer/pgfsys-common-pdf.def
File: pgfsys-common-pdf.def 2025-08-29 v3.1.11a (3.1.11a)
)))
(c:/texlive/2025/texmf-dist/tex/generic/pgf/systemlayer/pgfsyssoftpath.code.tex
File: pgfsyssoftpath.code.tex 2025-08-29 v3.1.11a (3.1.11a)
\pgfsyssoftpath@smallbuffer@items=\count384
\pgfsyssoftpath@bigbuffer@items=\count385
)
(c:/texlive/2025/texmf-dist/tex/generic/pgf/systemlayer/pgfsysprotocol.code.tex
File: pgfsysprotocol.code.tex 2025-08-29 v3.1.11a (3.1.11a)
)) (c:/texlive/2025/texmf-dist/tex/generic/pgf/basiclayer/pgfcore.code.tex
Package: pgfcore 2025-08-29 v3.1.11a (3.1.11a)

(c:/texlive/2025/texmf-dist/tex/generic/pgf/math/pgfmath.code.tex
(c:/texlive/2025/texmf-dist/tex/generic/pgf/math/pgfmathutil.code.tex)
(c:/texlive/2025/texmf-dist/tex/generic/pgf/math/pgfmathparser.code.tex
\pgfmath@dimen=\dimen288
\pgfmath@count=\count386
\pgfmath@box=\box72
\pgfmath@toks=\toks56
\pgfmath@stack@operand=\toks57
\pgfmath@stack@operation=\toks58
)
(c:/texlive/2025/texmf-dist/tex/generic/pgf/math/pgfmathfunctions.code.tex)
(c:/texlive/2025/texmf-dist/tex/generic/pgf/math/pgfmathfunctions.basic.code.te
x)
(c:/texlive/2025/texmf-dist/tex/generic/pgf/math/pgfmathfunctions.trigonometric
.code.tex)
(c:/texlive/2025/texmf-dist/tex/generic/pgf/math/pgfmathfunctions.random.code.t
ex)
(c:/texlive/2025/texmf-dist/tex/generic/pgf/math/pgfmathfunctions.comparison.co
de.tex)
(c:/texlive/2025/texmf-dist/tex/generic/pgf/math/pgfmathfunctions.base.code.tex
)
(c:/texlive/2025/texmf-dist/tex/generic/pgf/math/pgfmathfunctions.round.code.te
x)
(c:/texlive/2025/texmf-dist/tex/generic/pgf/math/pgfmathfunctions.misc.code.tex
)
(c:/texlive/2025/texmf-dist/tex/generic/pgf/math/pgfmathfunctions.integerarithm
etics.code.tex)
(c:/texlive/2025/texmf-dist/tex/generic/pgf/math/pgfmathcalc.code.tex)
(c:/texlive/2025/texmf-dist/tex/generic/pgf/math/pgfmathfloat.code.tex
\c@pgfmathroundto@lastzeros=\count387
))
(c:/texlive/2025/texmf-dist/tex/generic/pgf/math/pgfint.code.tex)
(c:/texlive/2025/texmf-dist/tex/generic/pgf/basiclayer/pgfcorepoints.code.tex
File: pgfcorepoints.code.tex 2025-08-29 v3.1.11a (3.1.11a)
\pgf@picminx=\dimen289
\pgf@picmaxx=\dimen290
\pgf@picminy=\dimen291
\pgf@picmaxy=\dimen292
\pgf@pathminx=\dimen293
\pgf@pathmaxx=\dimen294
\pgf@pathminy=\dimen295
\pgf@pathmaxy=\dimen296
\pgf@xx=\dimen297
\pgf@xy=\dimen298
\pgf@yx=\dimen299
\pgf@yy=\dimen300
\pgf@zx=\dimen301
\pgf@zy=\dimen302
)
(c:/texlive/2025/texmf-dist/tex/generic/pgf/basiclayer/pgfcorepathconstruct.cod
e.tex
File: pgfcorepathconstruct.code.tex 2025-08-29 v3.1.11a (3.1.11a)
\pgf@path@lastx=\dimen303
\pgf@path@lasty=\dimen304
)
(c:/texlive/2025/texmf-dist/tex/generic/pgf/basiclayer/pgfcorepathusage.code.te
x
File: pgfcorepathusage.code.tex 2025-08-29 v3.1.11a (3.1.11a)
\pgf@shorten@end@additional=\dimen305
\pgf@shorten@start@additional=\dimen306
)
(c:/texlive/2025/texmf-dist/tex/generic/pgf/basiclayer/pgfcorescopes.code.tex
File: pgfcorescopes.code.tex 2025-08-29 v3.1.11a (3.1.11a)
\pgfpic=\box73
\pgf@hbox=\box74
\pgf@layerbox@main=\box75
\pgf@picture@serial@count=\count388
)
(c:/texlive/2025/texmf-dist/tex/generic/pgf/basiclayer/pgfcoregraphicstate.code
.tex
File: pgfcoregraphicstate.code.tex 2025-08-29 v3.1.11a (3.1.11a)
\pgflinewidth=\dimen307
)
(c:/texlive/2025/texmf-dist/tex/generic/pgf/basiclayer/pgfcoretransformations.c
ode.tex
File: pgfcoretransformations.code.tex 2025-08-29 v3.1.11a (3.1.11a)
\pgf@pt@x=\dimen308
\pgf@pt@y=\dimen309
\pgf@pt@temp=\dimen310
)
(c:/texlive/2025/texmf-dist/tex/generic/pgf/basiclayer/pgfcorequick.code.tex
File: pgfcorequick.code.tex 2025-08-29 v3.1.11a (3.1.11a)
)
(c:/texlive/2025/texmf-dist/tex/generic/pgf/basiclayer/pgfcoreobjects.code.tex
File: pgfcoreobjects.code.tex 2025-08-29 v3.1.11a (3.1.11a)
)
(c:/texlive/2025/texmf-dist/tex/generic/pgf/basiclayer/pgfcorepathprocessing.co
de.tex
File: pgfcorepathprocessing.code.tex 2025-08-29 v3.1.11a (3.1.11a)
)
(c:/texlive/2025/texmf-dist/tex/generic/pgf/basiclayer/pgfcorearrows.code.tex
File: pgfcorearrows.code.tex 2025-08-29 v3.1.11a (3.1.11a)
\pgfarrowsep=\dimen311
)
(c:/texlive/2025/texmf-dist/tex/generic/pgf/basiclayer/pgfcoreshade.code.tex
File: pgfcoreshade.code.tex 2025-08-29 v3.1.11a (3.1.11a)
\pgf@max=\dimen312
\pgf@sys@shading@range@num=\count389
\pgf@shadingcount=\count390
)
(c:/texlive/2025/texmf-dist/tex/generic/pgf/basiclayer/pgfcoreimage.code.tex
File: pgfcoreimage.code.tex 2025-08-29 v3.1.11a (3.1.11a)
)
(c:/texlive/2025/texmf-dist/tex/generic/pgf/basiclayer/pgfcoreexternal.code.tex
File: pgfcoreexternal.code.tex 2025-08-29 v3.1.11a (3.1.11a)
\pgfexternal@startupbox=\box76
) (c:/texlive/2025/texmf-dist/tex/generic/pgf/basiclayer/pgfcorelayers.code.tex
File: pgfcorelayers.code.tex 2025-08-29 v3.1.11a (3.1.11a)
)
(c:/texlive/2025/texmf-dist/tex/generic/pgf/basiclayer/pgfcoretransparency.code
.tex
File: pgfcoretransparency.code.tex 2025-08-29 v3.1.11a (3.1.11a)
)
(c:/texlive/2025/texmf-dist/tex/generic/pgf/basiclayer/pgfcorepatterns.code.tex
File: pgfcorepatterns.code.tex 2025-08-29 v3.1.11a (3.1.11a)
) (c:/texlive/2025/texmf-dist/tex/generic/pgf/basiclayer/pgfcorerdf.code.tex
File: pgfcorerdf.code.tex 2025-08-29 v3.1.11a (3.1.11a)
))) (c:/texlive/2025/texmf-dist/tex/generic/pgf/modules/pgfmoduleshapes.code.te
x
File: pgfmoduleshapes.code.tex 2025-08-29 v3.1.11a (3.1.11a)
\pgfnodeparttextbox=\box77
)
(c:/texlive/2025/texmf-dist/tex/generic/pgf/modules/pgfmoduleplot.code.tex
File: pgfmoduleplot.code.tex 2025-08-29 v3.1.11a (3.1.11a)
)
(c:/texlive/2025/texmf-dist/tex/latex/pgf/compatibility/pgfcomp-version-0-65.st
y
Package: pgfcomp-version-0-65 2025-08-29 v3.1.11a (3.1.11a)
\pgf@nodesepstart=\dimen313
\pgf@nodesepend=\dimen314
)
(c:/texlive/2025/texmf-dist/tex/latex/pgf/compatibility/pgfcomp-version-1-18.st
y
Package: pgfcomp-version-1-18 2025-08-29 v3.1.11a (3.1.11a)
)) (c:/texlive/2025/texmf-dist/tex/latex/pgf/utilities/pgffor.sty
(c:/texlive/2025/texmf-dist/tex/latex/pgf/utilities/pgfkeys.sty
(c:/texlive/2025/texmf-dist/tex/generic/pgf/utilities/pgfkeys.code.tex))
(c:/texlive/2025/texmf-dist/tex/latex/pgf/math/pgfmath.sty
(c:/texlive/2025/texmf-dist/tex/generic/pgf/math/pgfmath.code.tex))
(c:/texlive/2025/texmf-dist/tex/generic/pgf/utilities/pgffor.code.tex
Package: pgffor 2025-08-29 v3.1.11a (3.1.11a)
\pgffor@iter=\dimen315
\pgffor@skip=\dimen316
\pgffor@stack=\toks59
\pgffor@toks=\toks60
))
(c:/texlive/2025/texmf-dist/tex/generic/pgf/frontendlayer/tikz/tikz.code.tex
Package: tikz 2025-08-29 v3.1.11a (3.1.11a)

(c:/texlive/2025/texmf-dist/tex/generic/pgf/libraries/pgflibraryplothandlers.co
de.tex
File: pgflibraryplothandlers.code.tex 2025-08-29 v3.1.11a (3.1.11a)
\pgf@plot@mark@count=\count391
\pgfplotmarksize=\dimen317
)
\tikz@lastx=\dimen318
\tikz@lasty=\dimen319
\tikz@lastxsaved=\dimen320
\tikz@lastysaved=\dimen321
\tikz@lastmovetox=\dimen322
\tikz@lastmovetoy=\dimen323
\tikzleveldistance=\dimen324
\tikzsiblingdistance=\dimen325
\tikz@figbox=\box78
\tikz@figbox@bg=\box79
\tikz@tempbox=\box80
\tikz@tempbox@bg=\box81
\tikztreelevel=\count392
\tikznumberofchildren=\count393
\tikznumberofcurrentchild=\count394
\tikz@fig@count=\count395

(c:/texlive/2025/texmf-dist/tex/generic/pgf/modules/pgfmodulematrix.code.tex
File: pgfmodulematrix.code.tex 2025-08-29 v3.1.11a (3.1.11a)
\pgfmatrixcurrentrow=\count396
\pgfmatrixcurrentcolumn=\count397
\pgf@matrix@numberofcolumns=\count398
)
\tikz@expandcount=\count399

(c:/texlive/2025/texmf-dist/tex/generic/pgf/frontendlayer/tikz/libraries/tikzli
brarytopaths.code.tex
File: tikzlibrarytopaths.code.tex 2025-08-29 v3.1.11a (3.1.11a)
)))
(c:/texlive/2025/texmf-dist/tex/latex/mdframed/mdframed.sty
Package: mdframed 2013/07/01 1.9b: mdframed

(c:/texlive/2025/texmf-dist/tex/latex/kvoptions/kvoptions.sty
Package: kvoptions 2022-06-15 v3.15 Key value format for package options (HO)

(c:/texlive/2025/texmf-dist/tex/generic/ltxcmds/ltxcmds.sty
Package: ltxcmds 2023-12-04 v1.26 LaTeX kernel commands for general use (HO)
)
(c:/texlive/2025/texmf-dist/tex/latex/kvsetkeys/kvsetkeys.sty
Package: kvsetkeys 2022-10-05 v1.19 Key value parser (HO)
))
(c:/texlive/2025/texmf-dist/tex/latex/l3packages/xparse/xparse.sty
(c:/texlive/2025/texmf-dist/tex/latex/l3kernel/expl3.sty
Package: expl3 2025-08-13 L3 programming layer (loader) 

(c:/texlive/2025/texmf-dist/tex/latex/l3backend/l3backend-pdftex.def
File: l3backend-pdftex.def 2025-06-09 L3 backend support: PDF output (pdfTeX)
\l__color_backend_stack_int=\count400
))
Package: xparse 2024-08-16 L3 Experimental document command parser
)
(c:/texlive/2025/texmf-dist/tex/latex/zref/zref-abspage.sty
Package: zref-abspage 2025-06-08 v2.36 Module abspage for zref (HO)

(c:/texlive/2025/texmf-dist/tex/latex/zref/zref-base.sty
Package: zref-base 2025-06-08 v2.36 Module base for zref (HO)

(c:/texlive/2025/texmf-dist/tex/generic/infwarerr/infwarerr.sty
Package: infwarerr 2019/12/03 v1.5 Providing info/warning/error messages (HO)
)
(c:/texlive/2025/texmf-dist/tex/generic/kvdefinekeys/kvdefinekeys.sty
Package: kvdefinekeys 2019-12-19 v1.6 Define keys (HO)
)
(c:/texlive/2025/texmf-dist/tex/generic/pdftexcmds/pdftexcmds.sty
Package: pdftexcmds 2020-06-27 v0.33 Utility functions of pdfTeX for LuaTeX (HO
)
Package pdftexcmds Info: \pdf@primitive is available.
Package pdftexcmds Info: \pdf@ifprimitive is available.
Package pdftexcmds Info: \pdfdraftmode found.
)
(c:/texlive/2025/texmf-dist/tex/generic/etexcmds/etexcmds.sty
Package: etexcmds 2019/12/15 v1.7 Avoid name clashes with e-TeX commands (HO)
)
(c:/texlive/2025/texmf-dist/tex/latex/auxhook/auxhook.sty
Package: auxhook 2019-12-17 v1.6 Hooks for auxiliary files (HO)
)
Package zref Info: New property list: main on input line 767.
Package zref Info: New property: default on input line 768.
Package zref Info: New property: page on input line 769.
)
\c@abspage=\count401
Package zref Info: New property: abspage on input line 67.
)
(c:/texlive/2025/texmf-dist/tex/latex/needspace/needspace.sty
Package: needspace 2025/03/13 v1.3e reserve vertical space
)
\mdf@templength=\skip125
\c@mdf@globalstyle@cnt=\count402
\mdf@skipabove@length=\skip126
\mdf@skipbelow@length=\skip127
\mdf@leftmargin@length=\skip128
\mdf@rightmargin@length=\skip129
\mdf@innerleftmargin@length=\skip130
\mdf@innerrightmargin@length=\skip131
\mdf@innertopmargin@length=\skip132
\mdf@innerbottommargin@length=\skip133
\mdf@splittopskip@length=\skip134
\mdf@splitbottomskip@length=\skip135
\mdf@outermargin@length=\skip136
\mdf@innermargin@length=\skip137
\mdf@linewidth@length=\skip138
\mdf@innerlinewidth@length=\skip139
\mdf@middlelinewidth@length=\skip140
\mdf@outerlinewidth@length=\skip141
\mdf@roundcorner@length=\skip142
\mdf@footenotedistance@length=\skip143
\mdf@userdefinedwidth@length=\skip144
\mdf@needspace@length=\skip145
\mdf@frametitleaboveskip@length=\skip146
\mdf@frametitlebelowskip@length=\skip147
\mdf@frametitlerulewidth@length=\skip148
\mdf@frametitleleftmargin@length=\skip149
\mdf@frametitlerightmargin@length=\skip150
\mdf@shadowsize@length=\skip151
\mdf@extratopheight@length=\skip152
\mdf@subtitleabovelinewidth@length=\skip153
\mdf@subtitlebelowlinewidth@length=\skip154
\mdf@subtitleaboveskip@length=\skip155
\mdf@subtitlebelowskip@length=\skip156
\mdf@subtitleinneraboveskip@length=\skip157
\mdf@subtitleinnerbelowskip@length=\skip158
\mdf@subsubtitleabovelinewidth@length=\skip159
\mdf@subsubtitlebelowlinewidth@length=\skip160
\mdf@subsubtitleaboveskip@length=\skip161
\mdf@subsubtitlebelowskip@length=\skip162
\mdf@subsubtitleinneraboveskip@length=\skip163
\mdf@subsubtitleinnerbelowskip@length=\skip164

(c:/texlive/2025/texmf-dist/tex/latex/mdframed/md-frame-0.mdf
File: md-frame-0.mdf 2013/07/01\ 1.9b: md-frame-0
)
\mdf@frametitlebox=\box82
\mdf@footnotebox=\box83
\mdf@splitbox@one=\box84
\mdf@splitbox@two=\box85
\mdf@splitbox@save=\box86
\mdfsplitboxwidth=\skip165
\mdfsplitboxtotalwidth=\skip166
\mdfsplitboxheight=\skip167
\mdfsplitboxdepth=\skip168
\mdfsplitboxtotalheight=\skip169
\mdfframetitleboxwidth=\skip170
\mdfframetitleboxtotalwidth=\skip171
\mdfframetitleboxheight=\skip172
\mdfframetitleboxdepth=\skip173
\mdfframetitleboxtotalheight=\skip174
\mdffootnoteboxwidth=\skip175
\mdffootnoteboxtotalwidth=\skip176
\mdffootnoteboxheight=\skip177
\mdffootnoteboxdepth=\skip178
\mdffootnoteboxtotalheight=\skip179
\mdftotallinewidth=\skip180
\mdfboundingboxwidth=\skip181
\mdfboundingboxtotalwidth=\skip182
\mdfboundingboxheight=\skip183
\mdfboundingboxdepth=\skip184
\mdfboundingboxtotalheight=\skip185
\mdf@freevspace@length=\skip186
\mdf@horizontalwidthofbox@length=\skip187
\mdf@verticalmarginwhole@length=\skip188
\mdf@horizontalspaceofbox=\skip189
\mdfsubtitleheight=\skip190
\mdfsubsubtitleheight=\skip191
\c@mdfcountframes=\count403

****** mdframed patching \endmdf@trivlist

****** -- success******

\mdf@envdepth=\count404
\c@mdf@env@i=\count405
\c@mdf@env@ii=\count406
\c@mdf@zref@counter=\count407
Package zref Info: New property: mdf@pagevalue on input line 895.
)
(c:/texlive/2025/texmf-dist/tex/latex/booktabs/booktabs.sty
Package: booktabs 2020/01/12 v1.61803398 Publication quality tables
\heavyrulewidth=\dimen326
\lightrulewidth=\dimen327
\cmidrulewidth=\dimen328
\belowrulesep=\dimen329
\belowbottomsep=\dimen330
\aboverulesep=\dimen331
\abovetopsep=\dimen332
\cmidrulesep=\dimen333
\cmidrulekern=\dimen334
\defaultaddspace=\dimen335
\@cmidla=\count408
\@cmidlb=\count409
\@aboverulesep=\dimen336
\@belowrulesep=\dimen337
\@thisruleclass=\count410
\@lastruleclass=\count411
\@thisrulewidth=\dimen338
)
(c:/texlive/2025/texmf-dist/tex/latex/tools/tabularx.sty
Package: tabularx 2023/12/11 v2.12a `tabularx' package (DPC)
\TX@col@width=\dimen339
\TX@old@table=\dimen340
\TX@old@col=\dimen341
\TX@target=\dimen342
\TX@delta=\dimen343
\TX@cols=\count412
\TX@ftn=\toks61
)
(c:/texlive/2025/texmf-dist/tex/latex/multirow/multirow.sty
Package: multirow 2024/11/12 v2.9 Span multiple rows of a table
\multirow@colwidth=\skip192
\multirow@cntb=\count413
\multirow@dima=\skip193
\bigstrutjot=\dimen344
)
(c:/texlive/2025/texmf-dist/tex/latex/tools/hhline.sty
Package: hhline 2020/01/04 v2.04 Table rule package (DPC)
)
(c:/texlive/2025/texmf-dist/tex/latex/enumitem/enumitem.sty
Package: enumitem 2025/02/06 v3.11 Customized lists
\labelindent=\skip194
\enit@outerparindent=\dimen345
\enit@toks=\toks62
\enit@inbox=\box87
\enit@count@id=\count414
\enitdp@description=\count415
)
(c:/texlive/2025/texmf-dist/tex/latex/ragged2e/ragged2e.sty
Package: ragged2e 2023/06/22 v3.6 ragged2e Package
\CenteringLeftskip=\skip195
\RaggedLeftLeftskip=\skip196
\RaggedRightLeftskip=\skip197
\CenteringRightskip=\skip198
\RaggedLeftRightskip=\skip199
\RaggedRightRightskip=\skip256
\CenteringParfillskip=\skip257
\RaggedLeftParfillskip=\skip258
\RaggedRightParfillskip=\skip259
\JustifyingParfillskip=\skip260
\CenteringParindent=\skip261
\RaggedLeftParindent=\skip262
\RaggedRightParindent=\skip263
\JustifyingParindent=\skip264
)
(c:/texlive/2025/texmf-dist/tex/latex/hyphenat/hyphenat.sty
Package: hyphenat 2009/09/02 v2.3c hyphenation utilities
\langwohyphens=\language91
LaTeX Info: Redefining \_ on input line 43.
)
(c:/texlive/2025/texmf-dist/tex/latex/hyperref/hyperref.sty
Package: hyperref 2025-07-12 v7.01o Hypertext links for LaTeX

(c:/texlive/2025/texmf-dist/tex/generic/pdfescape/pdfescape.sty
Package: pdfescape 2019/12/09 v1.15 Implements pdfTeX's escape features (HO)
)
(c:/texlive/2025/texmf-dist/tex/latex/hycolor/hycolor.sty
Package: hycolor 2020-01-27 v1.10 Color options for hyperref/bookmark (HO)
)
(c:/texlive/2025/texmf-dist/tex/latex/hyperref/nameref.sty
Package: nameref 2025-06-21 v2.57 Cross-referencing by name of section

(c:/texlive/2025/texmf-dist/tex/latex/refcount/refcount.sty
Package: refcount 2019/12/15 v3.6 Data extraction from label references (HO)
)
(c:/texlive/2025/texmf-dist/tex/generic/gettitlestring/gettitlestring.sty
Package: gettitlestring 2019/12/15 v1.6 Cleanup title references (HO)
)
\c@section@level=\count416
)
(c:/texlive/2025/texmf-dist/tex/generic/stringenc/stringenc.sty
Package: stringenc 2019/11/29 v1.12 Convert strings between diff. encodings (HO
)
)
\@linkdim=\dimen346
\Hy@linkcounter=\count417
\Hy@pagecounter=\count418

(c:/texlive/2025/texmf-dist/tex/latex/hyperref/pd1enc.def
File: pd1enc.def 2025-07-12 v7.01o Hyperref: PDFDocEncoding definition (HO)
Now handling font encoding PD1 ...
... no UTF-8 mapping file for font encoding PD1
)
(c:/texlive/2025/texmf-dist/tex/generic/intcalc/intcalc.sty
Package: intcalc 2019/12/15 v1.3 Expandable calculations with integers (HO)
)
\Hy@SavedSpaceFactor=\count419

(c:/texlive/2025/texmf-dist/tex/latex/hyperref/puenc.def
File: puenc.def 2025-07-12 v7.01o Hyperref: PDF Unicode definition (HO)
Now handling font encoding PU ...
... no UTF-8 mapping file for font encoding PU
)
Package hyperref Info: Hyper figures OFF on input line 4195.
Package hyperref Info: Link nesting OFF on input line 4200.
Package hyperref Info: Hyper index ON on input line 4203.
Package hyperref Info: Plain pages OFF on input line 4210.
Package hyperref Info: Backreferencing OFF on input line 4215.
Package hyperref Info: Implicit mode ON; LaTeX internals redefined.
Package hyperref Info: Bookmarks ON on input line 4462.
\c@Hy@tempcnt=\count420

(c:/texlive/2025/texmf-dist/tex/latex/url/url.sty
\Urlmuskip=\muskip18
Package: url 2013/09/16  ver 3.4  Verb mode for urls, etc.
)
LaTeX Info: Redefining \url on input line 4801.
\XeTeXLinkMargin=\dimen347

(c:/texlive/2025/texmf-dist/tex/generic/bitset/bitset.sty
Package: bitset 2019/12/09 v1.3 Handle bit-vector datatype (HO)

(c:/texlive/2025/texmf-dist/tex/generic/bigintcalc/bigintcalc.sty
Package: bigintcalc 2019/12/15 v1.5 Expandable calculations on big integers (HO
)
))
\Fld@menulength=\count421
\Field@Width=\dimen348
\Fld@charsize=\dimen349
Package hyperref Info: Hyper figures OFF on input line 6078.
Package hyperref Info: Link nesting OFF on input line 6083.
Package hyperref Info: Hyper index ON on input line 6086.
Package hyperref Info: backreferencing OFF on input line 6093.
Package hyperref Info: Link coloring OFF on input line 6098.
Package hyperref Info: Link coloring with OCG OFF on input line 6103.
Package hyperref Info: PDF/A mode OFF on input line 6108.
\Hy@abspage=\count422
\c@Item=\count423
\c@Hfootnote=\count424
)
Package hyperref Info: Driver (autodetected): hpdftex.

(c:/texlive/2025/texmf-dist/tex/latex/hyperref/hpdftex.def
File: hpdftex.def 2025-07-12 v7.01o Hyperref driver for pdfTeX
\HyAnn@Count=\count425
\Fld@listcount=\count426
\c@bookmark@seq@number=\count427

(c:/texlive/2025/texmf-dist/tex/latex/rerunfilecheck/rerunfilecheck.sty
Package: rerunfilecheck 2025-06-21 v1.11 Rerun checks for auxiliary files (HO)

(c:/texlive/2025/texmf-dist/tex/generic/uniquecounter/uniquecounter.sty
Package: uniquecounter 2019/12/15 v1.4 Provide unlimited unique counter (HO)
)
Package uniquecounter Info: New unique counter `rerunfilecheck' on input line 2
84.
)
\Hy@SectionHShift=\skip265
)
(c:/texlive/2025/texmf-dist/tex/latex/fancyref/fancyref.sty
Package: fancyref 1999/02/03 v0.9c Fancy cross-referencing

(c:/texlive/2025/texmf-dist/tex/latex/tools/varioref.sty
Package: varioref 2025/01/14 v1.6g package for extended references (FMi)
\c@vrcnt=\count428
))
(c:/texlive/2025/texmf-dist/tex/latex/acronym/acronym.sty
Package: acronym 2025/01/17 v1.50 Support for acronyms (Tobias Oetiker)

(c:/texlive/2025/texmf-dist/tex/latex/bigfoot/suffix.sty
Package: suffix 2006/07/15 1.5a Variant command support
)
(c:/texlive/2025/texmf-dist/tex/generic/xstring/xstring.sty
(c:/texlive/2025/texmf-dist/tex/generic/xstring/xstring.tex
\xs_counta=\count429
\xs_countb=\count430
)
Package: xstring 2023/08/22 v1.86 String manipulations (CT)
)
\AC@clearlist=\toks63
)
(c:/texlive/2025/texmf-dist/tex/latex/csquotes/csquotes.sty
Package: csquotes 2024-04-04 v5.2o context-sensitive quotations (JAW)
\csq@reset=\count431
\csq@gtype=\count432
\csq@glevel=\count433
\csq@qlevel=\count434
\csq@maxlvl=\count435
\csq@tshold=\count436
\csq@ltx@everypar=\toks64

(c:/texlive/2025/texmf-dist/tex/latex/csquotes/csquotes.def
File: csquotes.def 2024-04-04 v5.2o csquotes generic definitions (JAW)
)
Package csquotes Info: Trying to load configuration file 'csquotes.cfg'...
Package csquotes Info: ... configuration file loaded successfully.

(c:/texlive/2025/texmf-dist/tex/latex/csquotes/csquotes.cfg
File: csquotes.cfg 
))
(c:/texlive/2025/texmf-dist/tex/latex/biblatex/biblatex.sty
Package: biblatex 2025/07/10 v3.21 programmable bibliographies (PK/MW)

(c:/texlive/2025/texmf-dist/tex/latex/logreq/logreq.sty
Package: logreq 2010/08/04 v1.0 xml request logger
\lrq@indent=\count437

(c:/texlive/2025/texmf-dist/tex/latex/logreq/logreq.def
File: logreq.def 2010/08/04 v1.0 logreq spec v1.0
))
\c@tabx@nest=\count438
\c@listtotal=\count439
\c@listcount=\count440
\c@liststart=\count441
\c@liststop=\count442
\c@citecount=\count443
\c@citetotal=\count444
\c@multicitecount=\count445
\c@multicitetotal=\count446
\c@instcount=\count447
\c@maxnames=\count448
\c@minnames=\count449
\c@maxitems=\count450
\c@minitems=\count451
\c@citecounter=\count452
\c@maxcitecounter=\count453
\c@savedcitecounter=\count454
\c@uniquelist=\count455
\c@uniquename=\count456
\c@refsection=\count457
\c@refsegment=\count458
\c@maxextratitle=\count459
\c@maxextratitleyear=\count460
\c@maxextraname=\count461
\c@maxextradate=\count462
\c@maxextraalpha=\count463
\c@abbrvpenalty=\count464
\c@highnamepenalty=\count465
\c@lownamepenalty=\count466
\c@maxparens=\count467
\c@parenlevel=\count468
\blx@tempcnta=\count469
\blx@tempcntb=\count470
\blx@tempcntc=\count471
\c@blx@maxsection=\count472
\blx@maxsegment@0=\count473
\blx@notetype=\count474
\blx@parenlevel@text=\count475
\blx@parenlevel@foot=\count476
\blx@sectionciteorder@0=\count477
\blx@sectionciteorderinternal@0=\count478
\blx@entrysetcounter=\count479
\blx@biblioinstance=\count480
\labelnumberwidth=\skip266
\labelalphawidth=\skip267
\biblabelsep=\skip268
\bibitemsep=\skip269
\bibnamesep=\skip270
\bibinitsep=\skip271
\bibparsep=\skip272
\bibhang=\skip273
\blx@bcfin=\read4
\blx@bcfout=\write4
\blx@langwohyphens=\language92
\c@mincomprange=\count481
\c@maxcomprange=\count482
\c@mincompwidth=\count483
Package biblatex Info: Trying to load biblatex default data model...
Package biblatex Info: ... file 'blx-dm.def' found.

(c:/texlive/2025/texmf-dist/tex/latex/biblatex/blx-dm.def
File: blx-dm.def 2025/07/10 v3.21 biblatex datamodel (PK/MW)
)
Package biblatex Info: Trying to load biblatex style data model...
Package biblatex Info: ... file 'authoryear.dbx' not found.
Package biblatex Info: Trying to load biblatex custom data model...
Package biblatex Info: ... file 'biblatex-dm.cfg' not found.
\c@afterword=\count484
\c@savedafterword=\count485
\c@annotator=\count486
\c@savedannotator=\count487
\c@author=\count488
\c@savedauthor=\count489
\c@bookauthor=\count490
\c@savedbookauthor=\count491
\c@commentator=\count492
\c@savedcommentator=\count493
\c@editor=\count494
\c@savededitor=\count495
\c@editora=\count496
\c@savededitora=\count497
\c@editorb=\count498
\c@savededitorb=\count499
\c@editorc=\count500
\c@savededitorc=\count501
\c@foreword=\count502
\c@savedforeword=\count503
\c@holder=\count504
\c@savedholder=\count505
\c@introduction=\count506
\c@savedintroduction=\count507
\c@namea=\count508
\c@savednamea=\count509
\c@nameb=\count510
\c@savednameb=\count511
\c@namec=\count512
\c@savednamec=\count513
\c@translator=\count514
\c@savedtranslator=\count515
\c@shortauthor=\count516
\c@savedshortauthor=\count517
\c@shorteditor=\count518
\c@savedshorteditor=\count519
\c@labelname=\count520
\c@savedlabelname=\count521
\c@institution=\count522
\c@savedinstitution=\count523
\c@lista=\count524
\c@savedlista=\count525
\c@listb=\count526
\c@savedlistb=\count527
\c@listc=\count528
\c@savedlistc=\count529
\c@listd=\count530
\c@savedlistd=\count531
\c@liste=\count532
\c@savedliste=\count533
\c@listf=\count534
\c@savedlistf=\count535
\c@location=\count536
\c@savedlocation=\count537
\c@organization=\count538
\c@savedorganization=\count539
\c@origlocation=\count540
\c@savedoriglocation=\count541
\c@origpublisher=\count542
\c@savedorigpublisher=\count543
\c@publisher=\count544
\c@savedpublisher=\count545
\c@language=\count546
\c@savedlanguage=\count547
\c@origlanguage=\count548
\c@savedoriglanguage=\count549
\c@pageref=\count550
\c@savedpageref=\count551
\shorthandwidth=\skip274
\shortjournalwidth=\skip275
\shortserieswidth=\skip276
\shorttitlewidth=\skip277
\shortauthorwidth=\skip278
\shorteditorwidth=\skip279
\locallabelnumberwidth=\skip280
\locallabelalphawidth=\skip281
\localshorthandwidth=\skip282
\localshortjournalwidth=\skip283
\localshortserieswidth=\skip284
\localshorttitlewidth=\skip285
\localshortauthorwidth=\skip286
\localshorteditorwidth=\skip287
Package biblatex Info: Trying to load compatibility code...
Package biblatex Info: ... file 'blx-compat.def' found.

(c:/texlive/2025/texmf-dist/tex/latex/biblatex/blx-compat.def
File: blx-compat.def 2025/07/10 v3.21 biblatex compatibility (PK/MW)
)
Package biblatex Info: Trying to load generic definitions...
Package biblatex Info: ... file 'biblatex.def' found.

(c:/texlive/2025/texmf-dist/tex/latex/biblatex/biblatex.def
File: biblatex.def 2025/07/10 v3.21 biblatex compatibility (PK/MW)
\c@textcitecount=\count552
\c@textcitetotal=\count553
\c@textcitemaxnames=\count554
\c@biburlbigbreakpenalty=\count555
\c@biburlbreakpenalty=\count556
\c@biburlnumpenalty=\count557
\c@biburlucpenalty=\count558
\c@biburllcpenalty=\count559
\biburlbigskip=\muskip19
\biburlnumskip=\muskip20
\biburlucskip=\muskip21
\biburllcskip=\muskip22
\c@smartand=\count560
)
Package biblatex Info: Trying to load bibliography style 'authoryear'...
Package biblatex Info: ... file 'authoryear.bbx' found.

(c:/texlive/2025/texmf-dist/tex/latex/biblatex/bbx/authoryear.bbx
File: authoryear.bbx 2025/07/10 v3.21 biblatex bibliography style (PK/MW)
Package biblatex Info: Trying to load bibliography style 'standard'...
Package biblatex Info: ... file 'standard.bbx' found.

(c:/texlive/2025/texmf-dist/tex/latex/biblatex/bbx/standard.bbx
File: standard.bbx 2025/07/10 v3.21 biblatex bibliography style (PK/MW)
\c@bbx:relatedcount=\count561
\c@bbx:relatedtotal=\count562
))
Package biblatex Info: Trying to load citation style 'authoryear'...
Package biblatex Info: ... file 'authoryear.cbx' found.

(c:/texlive/2025/texmf-dist/tex/latex/biblatex/cbx/authoryear.cbx
File: authoryear.cbx 2025/07/10 v3.21 biblatex citation style (PK/MW)
Package biblatex Info: Redefining '\cite'.
Package biblatex Info: Redefining '\parencite'.
Package biblatex Info: Redefining '\footcite'.
Package biblatex Info: Redefining '\footcitetext'.
Package biblatex Info: Redefining '\smartcite'.
Package biblatex Info: Redefining '\textcite'.
Package biblatex Info: Redefining '\textcites'.
)
Package biblatex Info: Trying to load configuration file...
Package biblatex Info: ... file 'biblatex.cfg' found.

(c:/texlive/2025/texmf-dist/tex/latex/biblatex/biblatex.cfg
File: biblatex.cfg 
)
Package biblatex Info: Input encoding 'utf8' detected.
Package biblatex Info: Document encoding is UTF8 ....
Package biblatex Info: ... and expl3
(biblatex)             2025-08-13 L3 programming layer (loader) 
(biblatex)             is new enough (at least 2020/04/06),
(biblatex)             setting 'casechanger=expl3'.

(c:/texlive/2025/texmf-dist/tex/latex/biblatex/blx-case-expl3.sty
Package: blx-case-expl3 2025/07/10 v3.21 expl3 case changing code for biblatex
))
(c:/texlive/2025/texmf-dist/tex/latex/fancyvrb/fancyvrb.sty
Package: fancyvrb 2025/07/28 4.6 verbatim text (tvz,hv)
\FV@CodeLineNo=\count563
\FV@InFile=\read5
\FV@TabBox=\box88
\c@FancyVerbLine=\count564
\FV@StepNumber=\count565
\FV@OutFile=\write5
)
(c:/texlive/2025/texmf-dist/tex/latex/amscls/amsthm.sty
Package: amsthm 2020/05/29 v2.20.6
\thm@style=\toks65
\thm@bodyfont=\toks66
\thm@headfont=\toks67
\thm@notefont=\toks68
\thm@headpunct=\toks69
\thm@preskip=\skip288
\thm@postskip=\skip289
\thm@headsep=\skip290
\dth@everypar=\toks70
)
(c:/texlive/2025/texmf-dist/tex/latex/amsfonts/amssymb.sty
Package: amssymb 2013/01/14 v3.01 AMS font symbols

(c:/texlive/2025/texmf-dist/tex/latex/amsfonts/amsfonts.sty
Package: amsfonts 2013/01/14 v3.01 Basic AMSFonts support
\symAMSa=\mathgroup4
\symAMSb=\mathgroup5
LaTeX Font Info:    Redeclaring math symbol \hbar on input line 98.
LaTeX Font Info:    Overwriting math alphabet `\mathfrak' in version `bold'
(Font)                  U/euf/m/n --> U/euf/b/n on input line 106.
))
(c:/texlive/2025/texmf-dist/tex/latex/tools/bm.sty
Package: bm 2023/12/19 v1.2f Bold Symbol Support (DPC/FMi)
\symboldoperators=\mathgroup6
\symboldletters=\mathgroup7
\symboldsymbols=\mathgroup8
Package bm Info: No bold for \OMX/cmex/m/n, using \pmb.
Package bm Info: No bold for \U/msa/m/n, using \pmb.
Package bm Info: No bold for \U/msb/m/n, using \pmb.
LaTeX Font Info:    Redeclaring math alphabet \mathbf on input line 149.
)
Package csquotes Info: Checking for multilingual support...
Package csquotes Info: ... found 'babel' package.
Package csquotes Info: Adjusting default style.
Package csquotes Info: Redefining alias 'default' -> 'british'.
LaTeX Font Info:    Trying to load font information for T1+EBGaramond-OsF on in
put line 135.

(c:/texlive/2025/texmf-dist/tex/latex/ebgaramond/T1EBGaramond-OsF.fd
File: T1EBGaramond-OsF.fd 2023/03/19 (autoinst) Font definitions for T1/EBGaram
ond-OsF.
)
LaTeX Font Info:    Font shape `T1/EBGaramond-OsF/m/n' will be
(Font)              scaled to size 10.95pt on input line 135.

No file check_0_main_2.aux.
\openout1 = `check_0_main_2.aux'.

LaTeX Font Info:    Checking defaults for OML/cmm/m/it on input line 135.
LaTeX Font Info:    ... okay on input line 135.
LaTeX Font Info:    Checking defaults for OMS/cmsy/m/n on input line 135.
LaTeX Font Info:    ... okay on input line 135.
LaTeX Font Info:    Checking defaults for OT1/cmr/m/n on input line 135.
LaTeX Font Info:    ... okay on input line 135.
LaTeX Font Info:    Checking defaults for T1/cmr/m/n on input line 135.
LaTeX Font Info:    ... okay on input line 135.
LaTeX Font Info:    Checking defaults for TS1/cmr/m/n on input line 135.
LaTeX Font Info:    ... okay on input line 135.
LaTeX Font Info:    Checking defaults for OMX/cmex/m/n on input line 135.
LaTeX Font Info:    ... okay on input line 135.
LaTeX Font Info:    Checking defaults for U/cmr/m/n on input line 135.
LaTeX Font Info:    ... okay on input line 135.
LaTeX Font Info:    Checking defaults for PD1/pdf/m/n on input line 135.
LaTeX Font Info:    ... okay on input line 135.
LaTeX Font Info:    Checking defaults for PU/pdf/m/n on input line 135.
LaTeX Font Info:    ... okay on input line 135.
*geometry* driver: auto-detecting
*geometry* detected driver: pdftex
*geometry* verbose mode - [ preamble ] result:
* driver: pdftex
* paper: a4paper
* layout: <same size as paper>
* layoutoffset:(h,v)=(0.0pt,0.0pt)
* modes: 
* h-part:(L,W,R)=(42.67912pt, 512.14963pt, 42.67912pt)
* v-part:(T,H,B)=(42.67912pt, 759.6886pt, 42.67912pt)
* \paperwidth=597.50787pt
* \paperheight=845.04684pt
* \textwidth=512.14963pt
* \textheight=759.6886pt
* \oddsidemargin=-29.59087pt
* \evensidemargin=-29.59087pt
* \topmargin=-61.46466pt
* \headheight=12.0pt
* \headsep=19.8738pt
* \topskip=11.0pt
* \footskip=27.46295pt
* \marginparwidth=53.0pt
* \marginparsep=7.0pt
* \columnsep=10.0pt
* \skip\footins=10.0pt plus 4.0pt minus 2.0pt
* \hoffset=0.0pt
* \voffset=0.0pt
* \mag=1000
* \@twocolumnfalse
* \@twosidefalse
* \@mparswitchfalse
* \@reversemarginfalse
* (1in=72.27pt=25.4mm, 1cm=28.453pt)

(c:/texlive/2025/texmf-dist/tex/context/base/mkii/supp-pdf.mkii
[Loading MPS to PDF converter (version 2006.09.02).]
\scratchcounter=\count566
\scratchdimen=\dimen350
\scratchbox=\box89
\nofMPsegments=\count567
\nofMParguments=\count568
\everyMPshowfont=\toks71
\MPscratchCnt=\count569
\MPscratchDim=\dimen351
\MPnumerator=\count570
\makeMPintoPDFobject=\count571
\everyMPtoPDFconversion=\toks72
) (c:/texlive/2025/texmf-dist/tex/latex/epstopdf-pkg/epstopdf-base.sty
Package: epstopdf-base 2020-01-24 v2.11 Base part for package epstopdf
Package epstopdf-base Info: Redefining graphics rule for `.eps' on input line 4
85.

(c:/texlive/2025/texmf-dist/tex/latex/latexconfig/epstopdf-sys.cfg
File: epstopdf-sys.cfg 2010/07/13 v1.3 Configuration of (r)epstopdf for TeX Liv
e
))
(c:/texlive/2025/texmf-dist/tex/latex/pdflscape/pdflscape.sty
Package: pdflscape 2025-06-23 v0.14 Display of landscape pages in PDF

(c:/texlive/2025/texmf-dist/tex/latex/pdflscape/pdflscape-nometadata.sty
Package: pdflscape-nometadata 2025-06-23 v0.14 Display of landscape pages in PD
F (HO)
Package pdflscape Info: Auto-detected driver: pdftex on input line 81.
))
\symgns@font=\mathgroup9
LaTeX Font Info:    Overwriting symbol font `gns@font' in version `bold'
(Font)                  TS1/EBGaramond-OsF/m/n --> TS1/EBGaramond-OsF/b/n on in
put line 135.
Package gensymb Info: Math companion symbols declared on input line 135.
LaTeX Info: Redefining \degree on input line 135.
LaTeX Info: Redefining \celsius on input line 135.
Package gensymb Info: Using text companion symbols for \degree, \celsius and \p
erthousand on input line 135.
LaTeX Info: Redefining \ohm on input line 135.
Package gensymb Info: Using \textohm for \ohm on input line 135.
Package gensymb Info: Using \textmu for \micro on input line 135.
\c@mv@tabular=\count572
\c@mv@boldtabular=\count573
Package caption Info: Begin \AtBeginDocument code.
Package caption Info: hyperref package is loaded.
Package caption Info: End \AtBeginDocument code.
Package hyperref Info: Link coloring OFF on input line 135.
\@outlinefile=\write6
\openout6 = `check_0_main_2.out'.

Package biblatex Info: Trying to load language 'british'...
Package biblatex Info: ... file 'british.lbx' found.

(c:/texlive/2025/texmf-dist/tex/latex/biblatex/lbx/british.lbx
File: british.lbx 2025/07/10 v3.21 biblatex localization (PK/MW)
Package biblatex Info: Trying to load language 'english'...
Package biblatex Info: ... file 'english.lbx' found.

(c:/texlive/2025/texmf-dist/tex/latex/biblatex/lbx/english.lbx
File: english.lbx 2025/07/10 v3.21 biblatex localization (PK/MW)
))
Package biblatex Info: Input encoding 'utf8' detected.
Package biblatex Info: Automatic encoding selection.
(biblatex)             Assuming data encoding 'utf8'.
\openout4 = `check_0_main_2.bcf'.

Package biblatex Info: Trying to load bibliographic data...
Package biblatex Info: ... file 'check_0_main_2.bbl' not found.

No file check_0_main_2.bbl.
Package biblatex Info: Reference section=0 on input line 135.
Package biblatex Info: Reference segment=0 on input line 135.
\openout2 = `0_documentproperties.aux'.

(./0_documentproperties.tex
LaTeX Font Info:    Font shape `T1/EBGaramond-OsF/b/n' will be
(Font)              scaled to size 10.95pt on input line 178.
)
\openout2 = `0_titlepage.aux'.

 (./0_titlepage.tex
LaTeX Font Info:    Font shape `T1/EBGaramond-OsF/m/n' will be
(Font)              scaled to size 24.88pt on input line 9.
LaTeX Font Info:    Font shape `T1/EBGaramond-OsF/b/n' will be
(Font)              scaled to size 24.88pt on input line 10.
<figs/0_logos/logo_uct.png, id=7, 356.532pt x 362.3136pt>
File: figs/0_logos/logo_uct.png Graphic file (type png)
<use figs/0_logos/logo_uct.png>
Package pdftex.def Info: figs/0_logos/logo_uct.png  used on input line 23.
(pdftex.def)             Requested size: 97.9949pt x 99.58464pt.
LaTeX Font Info:    Font shape `T1/EBGaramond-OsF/m/n' will be
(Font)              scaled to size 14.4pt on input line 28.
LaTeX Font Info:    Font shape `T1/EBGaramond-OsF/b/n' will be
(Font)              scaled to size 14.4pt on input line 29.
LaTeX Font Info:    Font shape `T1/EBGaramond-OsF/m/it' will be
(Font)              scaled to size 10.95pt on input line 45.
<figs/0_logos/logo_aru.jpg, id=9, 1415.2875pt x 1024.82875pt>
File: figs/0_logos/logo_aru.jpg Graphic file (type jpg)
<use figs/0_logos/logo_aru.jpg>
Package pdftex.def Info: figs/0_logos/logo_aru.jpg  used on input line 77.
(pdftex.def)             Requested size: 78.58609pt x 56.9055pt.
LaTeX Font Info:    Trying to load font information for U+msa on input line 77.


(c:/texlive/2025/texmf-dist/tex/latex/amsfonts/umsa.fd
File: umsa.fd 2013/01/14 v3.01 AMS symbols A
)
LaTeX Font Info:    Trying to load font information for U+msb on input line 77.


(c:/texlive/2025/texmf-dist/tex/latex/amsfonts/umsb.fd
File: umsb.fd 2013/01/14 v3.01 AMS symbols B
)
LaTeX Font Info:    Trying to load font information for TS1+EBGaramond-OsF on i
nput line 77.

(c:/texlive/2025/texmf-dist/tex/latex/ebgaramond/TS1EBGaramond-OsF.fd
File: TS1EBGaramond-OsF.fd 2023/03/19 (autoinst) Font definitions for TS1/EBGar
amond-OsF.
)
LaTeX Font Info:    Font shape `TS1/EBGaramond-OsF/m/n' will be
(Font)              scaled to size 10.95pt on input line 77.
LaTeX Font Info:    Font shape `TS1/EBGaramond-OsF/m/n' will be
(Font)              scaled to size 8.0pt on input line 77.
LaTeX Font Info:    Font shape `TS1/EBGaramond-OsF/m/n' will be
(Font)              scaled to size 6.0pt on input line 77.
<figs/0_logos/logo_eee.jpg, id=10, 1516.66624pt x 1511.6475pt>
File: figs/0_logos/logo_eee.jpg Graphic file (type jpg)
<use figs/0_logos/logo_eee.jpg>
Package pdftex.def Info: figs/0_logos/logo_eee.jpg  used on input line 77.
(pdftex.def)             Requested size: 57.09238pt x 56.9055pt.
<figs/0_logos/logo_MARIS.jpg, id=11, 3383.64125pt x 1357.07pt>
File: figs/0_logos/logo_MARIS.jpg Graphic file (type jpg)
<use figs/0_logos/logo_MARIS.jpg>
Package pdftex.def Info: figs/0_logos/logo_MARIS.jpg  used on input line 77.
(pdftex.def)             Requested size: 141.87962pt x 56.9055pt.


[1









{c:/texlive/2025/texmf-var/fonts/map/pdftex/updmap/pdftex.map}{c:/texlive/2025/
texmf-dist/fonts/enc/dvips/ebgaramond/ebg_tcdnmr.enc}{c:/texlive/2025/texmf-dis
t/fonts/enc/dvips/ebgaramond/ebg_ljow5q.enc} <./figs/0_logos/logo_uct.png> <./f
igs/0_logos/logo_aru.jpg> <./figs/0_logos/logo_eee.jpg> <./figs/0_logos/logo_MA
RIS.jpg>])
\openout2 = `i_declaration.aux'.

 (./i_declaration.tex
LaTeX Font Info:    Font shape `T1/EBGaramond-OsF/m/n' will be
(Font)              scaled to size 20.74pt on input line 4.
LaTeX Font Info:    Font shape `T1/EBGaramond-OsF/b/n' will be
(Font)              scaled to size 20.74pt on input line 4.

Overfull \hbox (50.54984pt too wide) in paragraph at lines 65--65
[]|[]|  
 []

File: figs/signature.jpg Graphic file (type jpg)
<use figs/signature.jpg>
Package pdftex.def Info: figs/signature.jpg  used on input line 65.
(pdftex.def)             Requested size: 56.89778pt x 56.9055pt.
)


pdfTeX warning (ext4): destination with the same identifier (name{page.i}) has 
been already used, duplicate ignored
<to be read again> 
                   \relax 
l.149 \include{i_declaration}
                              [1





 <./figs/signature.jpg>]
\openout2 = `ii_abstract.aux'.

 (./ii_abstract.tex
LaTeX Font Info:    Font shape `T1/EBGaramond-OsF/m/it' will be
(Font)              scaled to size 9.0pt on input line 34.
)

[2





]
\openout2 = `iii_acknowledgments.aux'.

 (./iii_acknowledgments.tex)

[3





]
No file check_0_main_2.toc.
\tf@toc=\write7
\openout7 = `check_0_main_2.toc'.



[4


]
No file check_0_main_2.lof.
\tf@lof=\write8
\openout8 = `check_0_main_2.lof'.



[5]
No file check_0_main_2.lot.
\tf@lot=\write9
\openout9 = `check_0_main_2.lot'.



[6] (./acro_list.tex

LaTeX Warning: Hyper reference `acro:ATLAS' on page vii undefined on input line
 2.


LaTeX Warning: Hyper reference `acro:ATLAS' on page vii undefined on input line
 2.


LaTeX Warning: Hyper reference `acro:ESKF' on page vii undefined on input line 
3.


LaTeX Warning: Hyper reference `acro:ESKF' on page vii undefined on input line 
3.


LaTeX Warning: Hyper reference `acro:DBScan' on page vii undefined on input lin
e 4.


LaTeX Warning: Hyper reference `acro:DBScan' on page vii undefined on input lin
e 4.


LaTeX Warning: Hyper reference `acro:FOV' on page vii undefined on input line 5
.


LaTeX Warning: Hyper reference `acro:FOV' on page vii undefined on input line 5
.


LaTeX Warning: Hyper reference `acro:GLAS' on page vii undefined on input line 
6.


LaTeX Warning: Hyper reference `acro:GLAS' on page vii undefined on input line 
6.


LaTeX Warning: Hyper reference `acro:GPS' on page vii undefined on input line 7
.


LaTeX Warning: Hyper reference `acro:GPS' on page vii undefined on input line 7
.


LaTeX Warning: Hyper reference `acro:ICESat' on page vii undefined on input lin
e 8.


LaTeX Warning: Hyper reference `acro:ICESat' on page vii undefined on input lin
e 8.


LaTeX Warning: Hyper reference `acro:IMU' on page vii undefined on input line 9
.


LaTeX Warning: Hyper reference `acro:IMU' on page vii undefined on input line 9
.


LaTeX Warning: Hyper reference `acro:KF' on page vii undefined on input line 10
.


LaTeX Warning: Hyper reference `acro:KF' on page vii undefined on input line 10
.


LaTeX Warning: Hyper reference `acro:LiDAR' on page vii undefined on input line
 11.


LaTeX Warning: Hyper reference `acro:LiDAR' on page vii undefined on input line
 11.


LaTeX Warning: Hyper reference `acro:MIZ' on page vii undefined on input line 1
2.


LaTeX Warning: Hyper reference `acro:MIZ' on page vii undefined on input line 1
2.


LaTeX Warning: Hyper reference `acro:MEMS' on page vii undefined on input line 
13.


LaTeX Warning: Hyper reference `acro:MEMS' on page vii undefined on input line 
13.


LaTeX Warning: Hyper reference `acro:NED' on page vii undefined on input line 1
4.


LaTeX Warning: Hyper reference `acro:NED' on page vii undefined on input line 1
4.


LaTeX Warning: Hyper reference `acro:PIPERS' on page vii undefined on input lin
e 15.


LaTeX Warning: Hyper reference `acro:PIPERS' on page vii undefined on input lin
e 15.


LaTeX Warning: Hyper reference `acro:Radar' on page vii undefined on input line
 16.


LaTeX Warning: Hyper reference `acro:Radar' on page vii undefined on input line
 16.


LaTeX Warning: Hyper reference `acro:RAMP' on page vii undefined on input line 
17.


LaTeX Warning: Hyper reference `acro:RAMP' on page vii undefined on input line 
17.


LaTeX Warning: Hyper reference `acro:RANSAC' on page vii undefined on input lin
e 18.


LaTeX Warning: Hyper reference `acro:RANSAC' on page vii undefined on input lin
e 18.


LaTeX Warning: Hyper reference `acro:ROS' on page vii undefined on input line 1
9.


LaTeX Warning: Hyper reference `acro:ROS' on page vii undefined on input line 1
9.


LaTeX Warning: Hyper reference `acro:OPTICS' on page vii undefined on input lin
e 20.


LaTeX Warning: Hyper reference `acro:OPTICS' on page vii undefined on input lin
e 20.


LaTeX Warning: Hyper reference `acro:SAR' on page vii undefined on input line 2
1.


LaTeX Warning: Hyper reference `acro:SAR' on page vii undefined on input line 2
1.


LaTeX Warning: Hyper reference `acro:SCALE' on page vii undefined on input line
 22.


LaTeX Warning: Hyper reference `acro:SCALE' on page vii undefined on input line
 22.


LaTeX Warning: Hyper reference `acro:SIC' on page vii undefined on input line 2
3.


LaTeX Warning: Hyper reference `acro:SIC' on page vii undefined on input line 2
3.


LaTeX Warning: Hyper reference `acro:VDBScan' on page vii undefined on input li
ne 24.


LaTeX Warning: Hyper reference `acro:VDBScan' on page vii undefined on input li
ne 24.

)

[7


]
\openout2 = `1_intro.aux'.

 (./1_intro.tex
Chapter 1.
Package acronym Info: Label `acro:MIZ' newly defined as it shall be overridden
although it is yet undefined on input line 11.

Package acronym Warning: Acronym MIZ is not defined on input line 11.


Package acronym Warning: Acronym MIZ is not defined on input line 11.


LaTeX Warning: Citation 'eayrsUnderstandingSeasonalCycle2019' on page 1 undefin
ed on input line 11.


LaTeX Warning: Citation 'comisoSatelliteRemoteSensing1991' on page 1 undefined 
on input line 11.


Package acronym Warning: Acronym MIZ is not defined on input line 11.


LaTeX Warning: Citation 'vichiIndicatorSeaIce2022' on page 1 undefined on input
 line 11.


Package acronym Warning: Acronym MIZ is not defined on input line 11.

Package acronym Info: Label `acro:SAR' newly defined as it shall be overridden
although it is yet undefined on input line 11.

Package acronym Warning: Acronym SAR is not defined on input line 11.


Package acronym Warning: Acronym SAR is not defined on input line 11.


LaTeX Warning: Citation 'maslanikRemoteSensingAntarctica1990' on page 1 undefin
ed on input line 11.

Package acronym Info: Label `acro:LiDAR' newly defined as it shall be overridde
n
although it is yet undefined on input line 11.

Package acronym Warning: Acronym LiDAR is not defined on input line 11.


Package acronym Warning: Acronym LiDAR is not defined on input line 11.


Package acronym Warning: Acronym MIZ is not defined on input line 11.


LaTeX Warning: Citation 'pettorelliSatelliteRemoteSensing2014' on page 1 undefi
ned on input line 11.


Package acronym Warning: Acronym LiDAR is not defined on input line 13.

Package acronym Info: Label `acro:SCALE' newly defined as it shall be overridde
n
although it is yet undefined on input line 13.

Package acronym Warning: Acronym SCALE is not defined on input line 13.


Package acronym Warning: Acronym SCALE is not defined on input line 13.


LaTeX Warning: Citation 'sandruShipborneSeaiceField2021' on page 1 undefined on
 input line 13.


Package acronym Warning: Acronym MIZ is not defined on input line 13.


Package acronym Warning: Acronym LiDAR is not defined on input line 13.


Package acronym Warning: Acronym MIZ is not defined on input line 20.


Package acronym Warning: Acronym MIZ is not defined on input line 20.


Package acronym Warning: Acronym MIZ is not defined on input line 20.


Package acronym Warning: Acronym MIZ is not defined on input line 20.


Package acronym Warning: Acronym MIZ is not defined on input line 20.


Package acronym Warning: Acronym LiDAR is not defined on input line 20.


Package acronym Warning: Acronym MIZ is not defined on input line 20.


Package acronym Warning: Acronym LiDAR is not defined on input line 20.


Package acronym Warning: Acronym LiDAR is not defined on input line 27.


LaTeX Warning: Citation 'AviaLiDARSensor' on page 1 undefined on input line 27.



Package acronym Warning: Acronym MIZ is not defined on input line 27.


Overfull \hbox (38.963pt too wide) in paragraph at lines 27--29
\T1/EBGaramond-OsF/m/n/10.95 This re-search pro-ject aims to in-vest-ig-ate the
 feas-ib-il-ity of us-ing [][], through the use of the Livox Avia sensor ([]),
 []


Package acronym Warning: Acronym MIZ is not defined on input line 29.


Package acronym Warning: Acronym LiDAR is not defined on input line 29.


Package acronym Warning: Acronym LiDAR is not defined on input line 30.



[1





{c:/texlive/2025/texmf-dist/fonts/enc/dvips/ebgaramond/ebg_yod6vr.enc}]

Package acronym Warning: Acronym MIZ is not defined on input line 31.


Package acronym Warning: Acronym LiDAR is not defined on input line 40.


Package acronym Warning: Acronym SCALE is not defined on input line 40.


Package acronym Warning: Acronym MIZ is not defined on input line 51.


Package acronym Warning: Acronym LiDAR is not defined on input line 51.


Package acronym Warning: Acronym LiDAR is not defined on input line 51.


Package acronym Warning: Acronym LiDAR is not defined on input line 51.

)

[2]
\openout2 = `2_review.aux'.

 (./2_review.tex
Chapter 2.

LaTeX Warning: Citation 'kennicuttSustainedAntarcticResearch2019' on page 3 und
efined on input line 12.

Package acronym Info: Label `acro:PIPERS' newly defined as it shall be overridd
en
although it is yet undefined on input line 12.

Package acronym Warning: Acronym PIPERS is not defined on input line 12.


Package acronym Warning: Acronym PIPERS is not defined on input line 12.


LaTeX Warning: Citation 'ackleySeaiceProductionAir2020' on page 3 undefined on 
input line 12.


Package acronym Warning: Acronym SCALE is not defined on input line 12.


LaTeX Warning: Citation 'vichiCruiseReportTrack2018' on page 3 undefined on inp
ut line 12.


Package acronym Warning: Acronym SCALE is not defined on input line 12.


Package acronym Warning: Acronym SCALE is not defined on input line 12.


LaTeX Warning: Citation 'ryan-keoghSCALEWIN19SCALESPR19Cruise2022' on page 3 un
defined on input line 12.


Package acronym Warning: Acronym SCALE is not defined on input line 12.


LaTeX Warning: Citation 'vichiIndicatorSeaIce2022' on page 3 undefined on input
 line 12.


Overfull \hbox (116.7263pt too wide) in paragraph at lines 12--13
\T1/EBGaramond-OsF/m/n/10.95 munity, and the ob-ser-va-tions that have taken pl
ace are biased to-wards cer-tain sec-tors and times of the year ([]).
 []


Overfull \hbox (27.03252pt too wide) in paragraph at lines 12--13
\T1/EBGaramond-OsF/m/n/10.95 place aboard the re-search ves-sel \T1/EBGaramond-
OsF/m/it/10.95 S.A. Agul-has II\T1/EBGaramond-OsF/m/n/10.95 , which both ad-dre
ssed un-der ob-served sea-sonal peri-ods ([]). 
 []


LaTeX Warning: Citation 'eayrsUnderstandingSeasonalCycle2019' on page 3 undefin
ed on input line 14.


LaTeX Warning: Reference `fig:ice_exten' on page 3 undefined on input line 21.


LaTeX Warning: Citation 'parkinsonSouthernOceanSea2004' on page 3 undefined on 
input line 21.


LaTeX Warning: Citation 'gordonSeasonalitySouthernOcean1981' on page 3 undefine
d on input line 21.


LaTeX Warning: Citation 'walshAnalysisArcticSea1979' on page 3 undefined on inp
ut line 21.


Overfull \hbox (33.3456pt too wide) in paragraph at lines 21--22
\OT1/cmr/m/n/10.95 10[]$ \T1/EBGaramond-OsF/m/n/10.95 km$[]$ in the winter mont
hs, an in-crease in area greater than of the Ant-arc-tic con-tin-ent it-self ([
]).
 []


Overfull \hbox (32.69751pt too wide) in paragraph at lines 21--22
\T1/EBGaramond-OsF/m/n/10.95 gradual growth and ex-pan-sion dur-ing au-tumn, at
 al-most half the rate of the spring re-treat ([]).
 []

<figs/ch2/sic_feb.png, id=111, 401.5pt x 401.5pt>
File: figs/ch2/sic_feb.png Graphic file (type png)
<use figs/ch2/sic_feb.png>
Package pdftex.def Info: figs/ch2/sic_feb.png  used on input line 28.
(pdftex.def)             Requested size: 243.27028pt x 243.27888pt.
<figs/ch2/sic_sept.png, id=112, 401.5pt x 401.5pt>
File: figs/ch2/sic_sept.png Graphic file (type png)
<use figs/ch2/sic_sept.png>
Package pdftex.def Info: figs/ch2/sic_sept.png  used on input line 32.
(pdftex.def)             Requested size: 243.27028pt x 243.27888pt.
LaTeX Font Info:    Font shape `T1/EBGaramond-OsF/b/n' will be
(Font)              scaled to size 9.0pt on input line 34.

LaTeX Warning: Citation 'BrowseImageSubset' on page 3 undefined on input line 3
4.



[3





]

LaTeX Warning: Citation 'roachPhysicsSeasonalSea2025' on page 4 undefined on in
put line 39.


LaTeX Warning: Citation 'eayrsUnderstandingSeasonalCycle2019' on page 4 undefin
ed on input line 39.


Package acronym Warning: Acronym MIZ is not defined on input line 41.

LaTeX Font Info:    Font shape `T1/EBGaramond-OsF/m/n' will be
(Font)              scaled to size 12.0pt on input line 44.
LaTeX Font Info:    Font shape `T1/EBGaramond-OsF/b/n' will be
(Font)              scaled to size 12.0pt on input line 44.

Package acronym Warning: Acronym MIZ is not defined on input line 47.


Package acronym Warning: Acronym MIZ is not defined on input line 47.


Package acronym Warning: Acronym MIZ is not defined on input line 47.


LaTeX Warning: Citation 'wadhamsMechanismFormationIce1983' on page 4 undefined 
on input line 47.


Package acronym Warning: Acronym MIZ is not defined on input line 47.


LaTeX Warning: Citation 'squireMarginalIceZone2022' on page 4 undefined on inpu
t line 47.


Package acronym Warning: Acronym MIZ is not defined on input line 47.


LaTeX Warning: Citation 'day_analysis_2024' on page 4 undefined on input line 4
7.


Package acronym Warning: Acronym MIZ is not defined on input line 47.


Package acronym Warning: Acronym MIZ is not defined on input line 47.


LaTeX Warning: Citation 'vichiIndicatorSeaIce2022' on page 4 undefined on input
 line 47.


Package acronym Warning: Acronym MIZ is not defined on input line 47.

Package acronym Info: Label `acro:SIC' newly defined as it shall be overridden
although it is yet undefined on input line 47.

Package acronym Warning: Acronym SIC is not defined on input line 47.


Package acronym Warning: Acronym SIC is not defined on input line 47.


Package acronym Warning: Acronym MIZ is not defined on input line 47.


Package acronym Warning: Acronym SIC is not defined on input line 47.


Package acronym Warning: Acronym MIZ is not defined on input line 47.


Package acronym Warning: Acronym SIC is not defined on input line 47.


Package acronym Warning: Acronym MIZ is not defined on input line 49.


Package acronym Warning: Acronym MIZ is not defined on input line 49.


Package acronym Warning: Acronym SIC is not defined on input line 49.


LaTeX Warning: Citation 'vichiIndicatorSeaIce2022' on page 4 undefined on input
 line 49.


Package acronym Warning: Acronym MIZ is not defined on input line 51.


Package acronym Warning: Acronym MIZ is not defined on input line 51.


LaTeX Warning: Citation 'tersigni_highresolution_2023' on page 4 undefined on i
nput line 51.


Overfull \hbox (31.81308pt too wide) in paragraph at lines 51--52
\T1/EBGaramond-OsF/m/n/10.95 huge num-ber of smal-ler pan-cake ice floes and va
ri-ous other types, such as brash, grease and nilas ice ([]). 
 []



[4 <./figs/ch2/sic_feb.png> <./figs/ch2/sic_sept.png>]
<figs/ch2/miz.png, id=130, 1636.1125pt x 2291.56125pt>
File: figs/ch2/miz.png Graphic file (type png)
<use figs/ch2/miz.png>
Package pdftex.def Info: figs/ch2/miz.png  used on input line 56.
(pdftex.def)             Requested size: 307.2929pt x 430.40097pt.


LaTeX Warning: Citation 'vichiIndicatorSeaIce2022' on page 5 undefined on input
 line 57.


LaTeX Warning: Citation 'vichiIndicatorSeaIce2022' on page 5 undefined on input
 line 57.


LaTeX Warning: Reference `fig:miz' on page 5 undefined on input line 62.


Package acronym Warning: Acronym MIZ is not defined on input line 62.


Package acronym Warning: Acronym MIZ is not defined on input line 62.


Package acronym Warning: Acronym MIZ is not defined on input line 62.


Package acronym Warning: Acronym MIZ is not defined on input line 62.


LaTeX Warning: Reference `fig:pancake_floes' on page 5 undefined on input line 
68.


LaTeX Warning: Citation 'doblePancakeIceFormation2003' on page 5 undefined on i
nput line 68.


Overfull \hbox (3.052pt too wide) in paragraph at lines 68--69
\T1/EBGaramond-OsF/m/n/10.95 ginal ice zones where tur-bu-lent wave and wind ac
tiv-ity is present dur-ing the ice form-a-tion ([]).
 []

<figs/ch2/pancake_floes.png, id=131, 4047.12pt x 2528.44624pt>
File: figs/ch2/pancake_floes.png Graphic file (type png)
<use figs/ch2/pancake_floes.png>
Package pdftex.def Info: figs/ch2/pancake_floes.png  used on input line 73.
(pdftex.def)             Requested size: 307.2929pt x 191.97871pt.


[5 <./figs/ch2/miz.png>]

LaTeX Warning: Citation 'shenConceptualModelPancakeice2001' on page 6 undefined
 on input line 83.


Overfull \hbox (40.39787pt too wide) in paragraph at lines 83--84
\T1/EBGaramond-OsF/m/n/10.95 provided by the wind and waves pro-motes the form-
a-tion of frazil and grease ice over nilas ice ([]).
 []


LaTeX Warning: Citation 'shenConceptualModelPancakeice2001' on page 6 undefined
 on input line 85.


LaTeX Warning: Reference `fig:grease' on page 6 undefined on input line 93.

<figs/ch2/grease.png, id=141, 803.0pt x 501.875pt>
File: figs/ch2/grease.png Graphic file (type png)
<use figs/ch2/grease.png>
Package pdftex.def Info: figs/ch2/grease.png  used on input line 98.
(pdftex.def)             Requested size: 307.2929pt x 192.06229pt.

LaTeX Warning: Reference `fig:pancake_floes' on page 6 undefined on input line 
104.



[6 <./figs/ch2/pancake_floes.png> <./figs/ch2/grease.png>]
<figs/ch2/pancake_sheet.png, id=152, 4047.12pt x 2528.44624pt>
File: figs/ch2/pancake_sheet.png Graphic file (type png)
<use figs/ch2/pancake_sheet.png>
Package pdftex.def Info: figs/ch2/pancake_sheet.png  used on input line 109.
(pdftex.def)             Requested size: 358.50317pt x 223.96231pt.


LaTeX Warning: Reference `fig:comp_pancake' on page 7 undefined on input line 1
15.


LaTeX Warning: Reference `fig:pancake_sheet' on page 7 undefined on input line 
115.

<figs/ch2/comp_pancake.png, id=153, 4047.12pt x 2528.44624pt>
File: figs/ch2/comp_pancake.png Graphic file (type png)
<use figs/ch2/comp_pancake.png>
Package pdftex.def Info: figs/ch2/comp_pancake.png  used on input line 120.
(pdftex.def)             Requested size: 358.50317pt x 223.96231pt.

Package acronym Warning: Acronym MIZ is not defined on input line 126.


Package acronym Warning: Acronym SCALE is not defined on input line 126.


LaTeX Warning: Citation 'vichiSCALEWIN22CruiseReport2023' on page 7 undefined o
n input line 126.



[7 <./figs/ch2/pancake_sheet.png> <./figs/ch2/comp_pancake.png>]

LaTeX Warning: Citation 'roachPhysicsSeasonalSea2025' on page 8 undefined on in
put line 133.


Package acronym Warning: Acronym MIZ is not defined on input line 139.


LaTeX Warning: Citation 'holthuijsenWavesOceanicCoastal2007' on page 8 undefine
d on input line 139.


Package acronym Warning: Acronym MIZ is not defined on input line 139.


LaTeX Warning: Citation 'thomsonWavePropagationMarginal2022' on page 8 undefine
d on input line 139.


LaTeX Warning: Citation 'voermansFinelyresolvedAlongtrackWave2024' on page 8 un
defined on input line 139.


Overfull \hbox (5.16145pt too wide) in paragraph at lines 139--140
\T1/EBGaramond-OsF/m/n/10.95 and lower fre-quency than the ori-ginal wind waves
, which is what we refer to as swell ([]).
 []


Package acronym Warning: Acronym MIZ is not defined on input line 141.


LaTeX Warning: Citation 'williamsWaveIceInteractions2013' on page 8 undefined o
n input line 141.


Overfull \hbox (40.4265pt too wide) in paragraph at lines 141--142
[]\T1/EBGaramond-OsF/m/n/10.95 It is known that ocean sur-face waves are at-ten
-u-ated by sea ice as the waves travel through the [][] ([]).
 []


LaTeX Warning: Citation 'daiWaveRaftingEquilibrium2004' on page 8 undefined on 
input line 143.


LaTeX Warning: Reference `fig:pancake_floes' on page 8 undefined on input line 
143.


LaTeX Warning: Reference `subsec:ch2.section2.subsec3' on page 8 undefined on i
nput line 143.


LaTeX Warning: Citation 'alberelloDriftPancakeIce2020' on page 8 undefined on i
nput line 149.


Package acronym Warning: Acronym SIC is not defined on input line 151.


Package acronym Warning: Acronym SAR is not defined on input line 158.


LaTeX Warning: Citation 'maslanikRemoteSensingAntarctica1990' on page 8 undefin
ed on input line 158.


Package acronym Warning: Acronym LiDAR is not defined on input line 158.


LaTeX Warning: Citation 'pettorelliSatelliteRemoteSensing2014' on page 8 undefi
ned on input line 158.



[8]

LaTeX Warning: Citation 'meierNewEstimatesArctic2013' on page 9 undefined on in
put line 160.


Package acronym Warning: Acronym SAR is not defined on input line 161.

Package acronym Info: Label `acro:RAMP' newly defined as it shall be overridden

although it is yet undefined on input line 161.

Package acronym Warning: Acronym RAMP is not defined on input line 161.


Package acronym Warning: Acronym RAMP is not defined on input line 161.


LaTeX Warning: Citation 'jezekRADARSAT1AntarcticMapping2002' on page 9 undefine
d on input line 161.

Package acronym Info: Label `acro:ICESat' newly defined as it shall be overridd
en
although it is yet undefined on input line 162.

Package acronym Warning: Acronym ICESat is not defined on input line 162.


Package acronym Warning: Acronym ICESat is not defined on input line 162.

Package acronym Info: Label `acro:GLAS' newly defined as it shall be overridden

although it is yet undefined on input line 162.

Package acronym Warning: Acronym GLAS is not defined on input line 162.


Package acronym Warning: Acronym GLAS is not defined on input line 162.


Package acronym Warning: Acronym ICESat is not defined on input line 162.


Package acronym Warning: Acronym GLAS is not defined on input line 162.


LaTeX Warning: Citation 'schutzOverviewICESatMission2005' on page 9 undefined o
n input line 162.


Package acronym Warning: Acronym ICESat is not defined on input line 163.

Package acronym Info: Label `acro:ATLAS' newly defined as it shall be overridde
n
although it is yet undefined on input line 163.

Package acronym Warning: Acronym ATLAS is not defined on input line 163.


Package acronym Warning: Acronym ATLAS is not defined on input line 163.


Package acronym Warning: Acronym ATLAS is not defined on input line 163.


Package acronym Warning: Acronym LiDAR is not defined on input line 163.


LaTeX Warning: Citation 'palmICESat2AtmosphericChannel2021' on page 9 undefined
 on input line 163.


Overfull \hbox (80.37323pt too wide) in paragraph at lines 160--164
\T1/EBGaramond-OsF/m/n/10.95 The [][] sensor marked the first time a [][] senso
r was equipped to an ob-ser-va-tion satel-lite ([]). 
 []


LaTeX Warning: Reference `tab:sense_comparison' on page 9 undefined on input li
ne 165.


LaTeX Warning: Citation 'agrawalComparativeAssesmentRemote2019' on page 9 undef
ined on input line 165.


Overfull \hbox (51.97319pt too wide) in paragraph at lines 165--166
\T1/EBGaramond-OsF/m/n/10.95 com-par-ison of the three main satellite-based re-
mote sens-ing meth-ods is given in Table [] ([]). 
 []


Package acronym Warning: Acronym SAR is not defined on input line 187.


Package acronym Warning: Acronym LiDAR is not defined on input line 187.


Package acronym Warning: Acronym SAR is not defined on input line 192.


LaTeX Warning: Citation 'comisoSatelliteRemoteSensing1991' on page 9 undefined 
on input line 192.


Package acronym Warning: Acronym SAR is not defined on input line 192.


LaTeX Warning: Citation 'maslanikRemoteSensingAntarctica1990' on page 9 undefin
ed on input line 192.


LaTeX Warning: Citation 'dirscherlRemoteSensingIce2020' on page 9 undefined on 
input line 192.


LaTeX Warning: Citation 'baumhoerRemoteSensingAntarctic2018' on page 9 undefine
d on input line 192.


Overfull \hbox (45.30911pt too wide) in paragraph at lines 192--193
\T1/EBGaramond-OsF/m/n/10.95 storms, bio-lo-gical activ-ity, ice drift and ice-
berg calv-ing ([]; [];
 []


Package acronym Warning: Acronym SAR is not defined on input line 194.


Package acronym Warning: Acronym SAR is not defined on input line 194.


LaTeX Warning: Citation 'zakhvatkinaSatelliteSARDatabased2019' on page 9 undefi
ned on input line 194.


Package acronym Warning: Acronym LiDAR is not defined on input line 200.


LaTeX Warning: Citation 'kukkoMobileLaserScanning2013' on page 9 undefined on i
nput line 200.


LaTeX Warning: Reference `fig:cam_vs_lidar' on page 9 undefined on input line 2
00.


Package acronym Warning: Acronym LiDAR is not defined on input line 202.


LaTeX Warning: Citation 'molebnyLaserRadarHistorical2016' on page 9 undefined o
n input line 202.


LaTeX Warning: Citation 'nelsonHowDidWe2013' on page 9 undefined on input line 
202.



[9]

Package acronym Warning: Acronym LiDAR is not defined on input line 204.


Package acronym Warning: Acronym LiDAR is not defined on input line 204.


LaTeX Warning: Citation 'molebnyLaserRadarHistorical2016' on page 10 undefined 
on input line 204.

<figs/ch2/image.png, id=178, 510.708pt x 510.708pt>
File: figs/ch2/image.png Graphic file (type png)
<use figs/ch2/image.png>
Package pdftex.def Info: figs/ch2/image.png  used on input line 211.
(pdftex.def)             Requested size: 256.07481pt x 256.0781pt.
<figs/ch2/pointcloud.png, id=179, 472.76625pt x 472.76625pt>
File: figs/ch2/pointcloud.png Graphic file (type png)
<use figs/ch2/pointcloud.png>
Package pdftex.def Info: figs/ch2/pointcloud.png  used on input line 215.
(pdftex.def)             Requested size: 256.07481pt x 256.07628pt.

LaTeX Warning: Citation 'ortizarteagaInitialInvestigationLowCost2019' on page 1
0 undefined on input line 217.


Package acronym Warning: Acronym LiDAR is not defined on input line 222.


Package acronym Warning: Acronym LiDAR is not defined on input line 222.


LaTeX Warning: Citation 'wangEvolutionLiDARIts2020' on page 10 undefined on inp
ut line 222.


Package acronym Warning: Acronym LiDAR is not defined on input line 222.


LaTeX Warning: Citation 'sandruShipborneSeaiceField2021' on page 10 undefined o
n input line 222.


Package acronym Warning: Acronym LiDAR is not defined on input line 222.


Package acronym Warning: Acronym LiDAR is not defined on input line 222.


Overfull \hbox (28.75832pt too wide) in paragraph at lines 222--223
\T1/EBGaramond-OsF/m/n/10.95 ([]). [][] has seen lim-ited de-ploy-ment in the A
nt-arc-tic, with []
 []


Package acronym Warning: Acronym MIZ is not defined on input line 229.


Package acronym Warning: Acronym MIZ is not defined on input line 231.


Package acronym Warning: Acronym SAR is not defined on input line 231.


Package acronym Warning: Acronym LiDAR is not defined on input line 231.



[10 <./figs/ch2/image.png> <./figs/ch2/pointcloud.png>])

[11]
\openout2 = `3_theory.aux'.

 (./3_theory.tex
Chapter 3.

Package acronym Warning: Acronym LiDAR is not defined on input line 12.


Package acronym Warning: Acronym LiDAR is not defined on input line 12.


LaTeX Warning: Reference `fig:methods' on page 12 undefined on input line 12.


Package acronym Warning: Acronym LiDAR is not defined on input line 12.

Package acronym Info: Label `acro:Radar' newly defined as it shall be overridde
n
although it is yet undefined on input line 12.

Package acronym Warning: Acronym Radar is not defined on input line 12.


Package acronym Warning: Acronym Radar is not defined on input line 12.


Package acronym Warning: Acronym LiDAR is not defined on input line 12.


Package acronym Warning: Acronym LiDAR is not defined on input line 12.


Package acronym Warning: Acronym LiDAR is not defined on input line 12.


LaTeX Warning: Citation 'wangChallengesOpportunitiesLidar2021' on page 12 undef
ined on input line 12.


Package acronym Warning: Acronym Radar is not defined on input line 14.


Package acronym Warning: Acronym LiDAR is not defined on input line 14.


Package acronym Warning: Acronym LiDAR is not defined on input line 14.


Package acronym Warning: Acronym Radar is not defined on input line 14.


Package acronym Warning: Acronym LiDAR is not defined on input line 14.


Package acronym Warning: Acronym Radar is not defined on input line 14.


Package acronym Warning: Acronym LiDAR is not defined on input line 14.


LaTeX Warning: Citation 'agrawalComparativeAssesmentRemote2019' on page 12 unde
fined on input line 14.


Package acronym Warning: Acronym LiDAR is not defined on input line 16.


Package acronym Warning: Acronym LiDAR is not defined on input line 16.


Package acronym Warning: Acronym LiDAR is not defined on input line 16.


Package acronym Warning: Acronym Radar is not defined on input line 16.


Package acronym Warning: Acronym LiDAR is not defined on input line 16.


Package acronym Warning: Acronym LiDAR is not defined on input line 16.

<figs/ch3/camera.png, id=193, 406.1574pt x 336.7782pt>
File: figs/ch3/camera.png Graphic file (type png)
<use figs/ch3/camera.png>
Package pdftex.def Info: figs/ch3/camera.png  used on input line 23.
(pdftex.def)             Requested size: 143.40126pt x 118.90189pt.
<figs/ch3/radar.png, id=194, 406.1574pt x 335.3328pt>
File: figs/ch3/radar.png Graphic file (type png)
<use figs/ch3/radar.png>
Package pdftex.def Info: figs/ch3/radar.png  used on input line 27.
(pdftex.def)             Requested size: 143.40126pt x 118.39159pt.
<figs/ch3/lidar.png, id=195, 407.6028pt x 335.3328pt>
File: figs/ch3/lidar.png Graphic file (type png)
<use figs/ch3/lidar.png>
Package pdftex.def Info: figs/ch3/lidar.png  used on input line 31.
(pdftex.def)             Requested size: 143.40126pt x 117.97713pt.

Package acronym Warning: Acronym LiDAR is not defined on input line 38.


LaTeX Warning: Citation 'jelinkovaLaserCharacteristics2013' on page 12 undefine
d on input line 38.


Package acronym Warning: Acronym LiDAR is not defined on input line 38.


LaTeX Warning: Reference `fig:divergence' on page 12 undefined on input line 38
.


LaTeX Warning: Citation 'kukkoMobileLaserScanning2013' on page 12 undefined on 
input line 38.



[12





 <./figs/ch3/camera.png> <./figs/ch3/radar.png> <./figs/ch3/lidar.png>]
<figs/ch3/Beam-divergence.jpg, id=207, 600.2425pt x 625.33624pt>
File: figs/ch3/Beam-divergence.jpg Graphic file (type jpg)
<use figs/ch3/Beam-divergence.jpg>
Package pdftex.def Info: figs/ch3/Beam-divergence.jpg  used on input line 43.
(pdftex.def)             Requested size: 230.46576pt x 240.10158pt.


LaTeX Warning: Citation 'kukkoMobileLaserScanning2013' on page 13 undefined on 
input line 44.


Package acronym Warning: Acronym LiDAR is not defined on input line 49.


LaTeX Warning: Reference `fig:shadow' on page 13 undefined on input line 49.


LaTeX Warning: Citation 'landyNumericalExperimentalEvaluation2015' on page 13 u
ndefined on input line 49.

<figs/ch3/shadowing.png, id=208, 966.009pt x 154.176pt>
File: figs/ch3/shadowing.png Graphic file (type png)
<use figs/ch3/shadowing.png>
Package pdftex.def Info: figs/ch3/shadowing.png  used on input line 54.
(pdftex.def)             Requested size: 512.14963pt x 81.73875pt.

LaTeX Warning: Citation 'landyNumericalExperimentalEvaluation2015' on page 13 u
ndefined on input line 55.


Package acronym Warning: Acronym LiDAR is not defined on input line 60.


Package acronym Warning: Acronym LiDAR is not defined on input line 60.


LaTeX Warning: Citation 'wangEvolutionLiDARIts2020' on page 13 undefined on inp
ut line 60.


Package acronym Warning: Acronym LiDAR is not defined on input line 66.


Package acronym Warning: Acronym LiDAR is not defined on input line 66.


LaTeX Warning: Citation 'rajSurveyLiDARScanning2020' on page 13 undefined on in
put line 66.



[13 <./figs/ch3/Beam-divergence.jpg> <./figs/ch3/shadowing.png>]

Package acronym Warning: Acronym LiDAR is not defined on input line 68.


LaTeX Warning: Citation 'molebnyLaserRadarHistorical2016' on page 14 undefined 
on input line 68.


Package acronym Warning: Acronym LiDAR is not defined on input line 68.


Package acronym Warning: Acronym LiDAR is not defined on input line 68.

Package acronym Info: Label `acro:FOV' newly defined as it shall be overridden
although it is yet undefined on input line 68.

Package acronym Warning: Acronym FOV is not defined on input line 68.


Package acronym Warning: Acronym FOV is not defined on input line 68.

Package acronym Info: Label `acro:MEMS' newly defined as it shall be overridden

although it is yet undefined on input line 68.

Package acronym Warning: Acronym MEMS is not defined on input line 68.


Package acronym Warning: Acronym MEMS is not defined on input line 68.


Package acronym Warning: Acronym LiDAR is not defined on input line 68.


LaTeX Warning: Citation 'rajSurveyLiDARScanning2020' on page 14 undefined on in
put line 68.


Package acronym Warning: Acronym LiDAR is not defined on input line 70.


Package acronym Warning: Acronym FOV is not defined on input line 70.


Package acronym Warning: Acronym FOV is not defined on input line 70.


Package acronym Warning: Acronym FOV is not defined on input line 70.


LaTeX Warning: Reference `fig:risley' on page 14 undefined on input line 70.


LaTeX Warning: Citation 'brazealRigorousObservationModel2021' on page 14 undefi
ned on input line 70.

<figs/ch3/risley.png, id=216, 1941.50343pt x 1467.23157pt>
File: figs/ch3/risley.png Graphic file (type png)
<use figs/ch3/risley.png>
Package pdftex.def Info: figs/ch3/risley.png  used on input line 75.
(pdftex.def)             Requested size: 256.07481pt x 193.52292pt.

LaTeX Warning: Citation 'brazealRigorousObservationModel2021' on page 14 undefi
ned on input line 76.


Package acronym Warning: Acronym LiDAR is not defined on input line 81.


LaTeX Warning: Citation 'harrapOverviewLIDARCollection2010' on page 14 undefine
d on input line 81.


Overfull \hbox (1.20584pt too wide) in paragraph at lines 81--82
\T1/EBGaramond-OsF/m/n/10.95 cessing to help identify dif-fer-ent ma-ter-i-als 
or sur-faces within the point cloud data ([]). 
 []


Package acronym Warning: Acronym LiDAR is not defined on input line 83.


LaTeX Warning: Citation 'deemsLidarMeasurementSnow2013' on page 14 undefined on
 input line 83.


LaTeX Warning: Reference `fig:multi_return' on page 14 undefined on input line 
83.


Overfull \hbox (27.58774pt too wide) in paragraph at lines 83--84
[]\T1/EBGaramond-OsF/m/n/10.95 Some [][] sensors are cap-able of meas-ur-ing mu
l-tiple re-turns from a single out-put pulse ([]).
 []



[14 <./figs/ch3/risley.png>]
<figs/ch3/multi_return.png, id=226, 337.26pt x 247.4043pt>
File: figs/ch3/multi_return.png Graphic file (type png)
<use figs/ch3/multi_return.png>
Package pdftex.def Info: figs/ch3/multi_return.png  used on input line 88.
(pdftex.def)             Requested size: 215.1019pt x 157.79459pt.


LaTeX Warning: Citation 'lefskyLidarRemoteSensing2002' on page 15 undefined on 
input line 89.


LaTeX Warning: Reference `fig:avia' on page 15 undefined on input line 99.


Package acronym Warning: Acronym LiDAR is not defined on input line 99.


Package acronym Warning: Acronym LiDAR is not defined on input line 99.


Package acronym Warning: Acronym LiDAR is not defined on input line 99.

Package acronym Info: Label `acro:IMU' newly defined as it shall be overridden
although it is yet undefined on input line 99.

Package acronym Warning: Acronym IMU is not defined on input line 99.


Package acronym Warning: Acronym IMU is not defined on input line 99.

<figs/ch3/avia1.png, id=228, 871.00406pt x 653.44125pt>
File: figs/ch3/avia1.png Graphic file (type png)
<use figs/ch3/avia1.png>
Package pdftex.def Info: figs/ch3/avia1.png  used on input line 106.
(pdftex.def)             Requested size: 215.1019pt x 161.36577pt.

LaTeX Warning: Citation 'AviaLiDARSensor' on page 15 undefined on input line 10
7.


LaTeX Warning: Reference `tab:AVIA_spec' on page 15 undefined on input line 112
.


LaTeX Warning: Reference `fig:rep' on page 15 undefined on input line 114.


LaTeX Warning: Reference `fig:non_rep' on page 15 undefined on input line 114.


Package acronym Warning: Acronym FOV is not defined on input line 114.


Package acronym Warning: Acronym FOV is not defined on input line 114.


Package acronym Warning: Acronym FOV is not defined on input line 114.


LaTeX Warning: Reference `fig:rep' on page 15 undefined on input line 114.


LaTeX Warning: Reference `fig:non_rep' on page 15 undefined on input line 114.



[15 <./figs/ch3/multi_return.png> <./figs/ch3/avia1.png>]
<figs/ch3/rep0.jpg, id=239, 1003.75pt x 803.0pt>
File: figs/ch3/rep0.jpg Graphic file (type jpg)
<use figs/ch3/rep0.jpg>
Package pdftex.def Info: figs/ch3/rep0.jpg  used on input line 121.
(pdftex.def)             Requested size: 169.0103pt x 135.2094pt.
<figs/ch3/rep1.jpg, id=240, 1003.75pt x 803.0pt>
File: figs/ch3/rep1.jpg Graphic file (type jpg)
<use figs/ch3/rep1.jpg>
Package pdftex.def Info: figs/ch3/rep1.jpg  used on input line 125.
(pdftex.def)             Requested size: 169.0103pt x 135.2094pt.
<figs/ch3/rep2.jpg, id=241, 1003.75pt x 803.0pt>
File: figs/ch3/rep2.jpg Graphic file (type jpg)
<use figs/ch3/rep2.jpg>
Package pdftex.def Info: figs/ch3/rep2.jpg  used on input line 129.
(pdftex.def)             Requested size: 169.0103pt x 135.2094pt.


Package acronym Warning: Acronym FOV is not defined on input line 131.


LaTeX Warning: Citation 'AviaLiDARSensor' on page 16 undefined on input line 13
1.

<figs/ch3/norep0.jpg, id=242, 1003.75pt x 803.0pt>
File: figs/ch3/norep0.jpg Graphic file (type jpg)
<use figs/ch3/norep0.jpg>
Package pdftex.def Info: figs/ch3/norep0.jpg  used on input line 141.
(pdftex.def)             Requested size: 169.0103pt x 135.2094pt.
<figs/ch3/norep1.jpg, id=243, 1003.75pt x 803.0pt>
File: figs/ch3/norep1.jpg Graphic file (type jpg)
<use figs/ch3/norep1.jpg>
Package pdftex.def Info: figs/ch3/norep1.jpg  used on input line 145.
(pdftex.def)             Requested size: 169.0103pt x 135.2094pt.
<figs/ch3/norep2.jpg, id=244, 1003.75pt x 803.0pt>
File: figs/ch3/norep2.jpg Graphic file (type jpg)
<use figs/ch3/norep2.jpg>
Package pdftex.def Info: figs/ch3/norep2.jpg  used on input line 149.
(pdftex.def)             Requested size: 169.0103pt x 135.2094pt.

Package acronym Warning: Acronym FOV is not defined on input line 151.


Package acronym Warning: Acronym FOV is not defined on input line 151.


Package acronym Warning: Acronym FOV is not defined on input line 151.


LaTeX Warning: Citation 'AviaLiDARSensor' on page 16 undefined on input line 15
1.


Package acronym Warning: Acronym FOV is not defined on input line 167.


Package acronym Warning: Acronym FOV is not defined on input line 168.



[16 <./figs/ch3/rep0.jpg> <./figs/ch3/rep1.jpg> <./figs/ch3/rep2.jpg> <./figs/c
h3/norep0.jpg> <./figs/ch3/norep1.jpg> <./figs/ch3/norep2.jpg>]

Package acronym Warning: Acronym LiDAR is not defined on input line 186.


Package acronym Warning: Acronym LiDAR is not defined on input line 186.


LaTeX Warning: Citation 'brazealRigorousObservationModel2021' on page 17 undefi
ned on input line 186.


LaTeX Warning: Citation 'huangComprehensiveSurveyPoint2021' on page 17 undefine
d on input line 188.


LaTeX Warning: Citation '3DPointCloud' on page 17 undefined on input line 188.


LaTeX Warning: Reference `fig:rep' on page 17 undefined on input line 190.


Package acronym Warning: Acronym FOV is not defined on input line 190.


LaTeX Warning: Reference `fig:non_rep' on page 17 undefined on input line 190.


Package acronym Warning: Acronym FOV is not defined on input line 190.


LaTeX Warning: Reference `fig:grid' on page 17 undefined on input line 190.

<figs/ch3/grid.png, id=251, 260.172pt x 260.4129pt>
File: figs/ch3/grid.png Graphic file (type png)
<use figs/ch3/grid.png>
Package pdftex.def Info: figs/ch3/grid.png  used on input line 195.
(pdftex.def)             Requested size: 256.07481pt x 256.32343pt.


[17]

LaTeX Warning: Citation 'lohaniAirborneLiDARTechnology2017' on page 18 undefine
d on input line 207.


Overfull \hbox (68.87349pt too wide) in paragraph at lines 207--208
\T1/EBGaramond-OsF/m/n/10.95 trans-form-ing raw point cloud data into use-ful r
eal-world in-form-a-tion about urban en-vir-on-ments ([]). 
 []

Package acronym Info: Label `acro:RANSAC' newly defined as it shall be overridd
en
although it is yet undefined on input line 209.

Package acronym Warning: Acronym RANSAC is not defined on input line 209.


Package acronym Warning: Acronym RANSAC is not defined on input line 209.


Package acronym Warning: Acronym RANSAC is not defined on input line 209.


LaTeX Warning: Citation 'fischlerRandomSampleConsensus1981' on page 18 undefine
d on input line 209.


LaTeX Warning: Citation 'xuComprehensiveSurveyClustering2015' on page 18 undefi
ned on input line 215.


LaTeX Warning: Citation 'rodriguezClusteringAlgorithmsComparative2019' on page 
18 undefined on input line 217.


Overfull \hbox (39.02219pt too wide) in paragraph at lines 217--218
\T1/EBGaramond-OsF/m/it/10.95 tional\T1/EBGaramond-OsF/m/n/10.95 , \T1/EBGaramo
nd-OsF/m/it/10.95 Hier-arch-ical\T1/EBGaramond-OsF/m/n/10.95 , \T1/EBGaramond-O
sF/m/it/10.95 Density-based\T1/EBGaramond-OsF/m/n/10.95 , \T1/EBGaramond-OsF/m/
it/10.95 Spec-tral\T1/EBGaramond-OsF/m/n/10.95 , \T1/EBGaramond-OsF/m/it/10.95 
Subspace-based \T1/EBGaramond-OsF/m/n/10.95 and \T1/EBGaramond-OsF/m/it/10.95 M
odel-based \T1/EBGaramond-OsF/m/n/10.95 ([]). 
 []



[18 <./figs/ch3/grid.png (PNG copy)>]
Package acronym Info: Label `acro:DBScan' newly defined as it shall be overridd
en
although it is yet undefined on input line 225.


Package acronym Warning: Acronym DBScan is not defined on input line 225.


Package acronym Warning: Acronym DBScan is not defined on input line 225.


Overfull \hbox (1.45018pt too wide) in paragraph at lines 227--228
[]\T1/EBGaramond-OsF/m/n/10.95 methods at-tempt to cluster data points by con-v
ert-ing high-dimensional data into a lower-dimensional space through
 []


Package acronym Warning: Acronym MIZ is not defined on input line 243.


LaTeX Warning: Citation 'harrapOverviewLIDARCollection2010' on page 19 undefine
d on input line 249.


Package acronym Warning: Acronym LiDAR is not defined on input line 251.


LaTeX Warning: Citation 'bogoslavskyiFastRobustNormal2024' on page 19 undefined
 on input line 251.



[19]

LaTeX Warning: Citation 'kedzierskiMethodsLaserScanning2015' on page 20 undefin
ed on input line 256.


Package acronym Warning: Acronym IMU is not defined on input line 258.


Package acronym Warning: Acronym LiDAR is not defined on input line 258.


Package acronym Warning: Acronym IMU is not defined on input line 258.


Package acronym Warning: Acronym IMU is not defined on input line 258.


LaTeX Warning: Reference `sec:ch3:section4' on page 20 undefined on input line 
258.


LaTeX Warning: Citation 'kimIntroductionKalmanFilter2019' on page 20 undefined 
on input line 265.


LaTeX Warning: Citation 'kalmanNewApproachLinear1960' on page 20 undefined on i
nput line 265.

Package acronym Info: Label `acro:GPS' newly defined as it shall be overridden
although it is yet undefined on input line 267.

Package acronym Warning: Acronym GPS is not defined on input line 267.


Package acronym Warning: Acronym GPS is not defined on input line 267.


LaTeX Warning: Citation 'grewalApplicationsKalmanFiltering2010' on page 20 unde
fined on input line 267.


Package acronym Warning: Acronym MIZ is not defined on input line 267.


Package acronym Warning: Acronym IMU is not defined on input line 275.


Package acronym Warning: Acronym IMU is not defined on input line 275.


Package acronym Warning: Acronym IMU is not defined on input line 275.


LaTeX Warning: Citation 'songEstimatingRelativeAngles2022' on page 20 undefined
 on input line 275.



[20]
<figs/ch3/water_abs.png, id=282, 1367.1075pt x 1255.69125pt>
File: figs/ch3/water_abs.png Graphic file (type png)
<use figs/ch3/water_abs.png>
Package pdftex.def Info: figs/ch3/water_abs.png  used on input line 287.
(pdftex.def)             Requested size: 256.07481pt x 235.19244pt.


LaTeX Warning: Citation 'dozierEstimationPropertiesAlpine1989' on page 21 undef
ined on input line 288.


LaTeX Warning: Reference `fig:water' on page 21 undefined on input line 293.


LaTeX Warning: Citation 'warrenOpticalPropertiesIce2019' on page 21 undefined o
n input line 293.


LaTeX Warning: Reference `fig:ice' on page 21 undefined on input line 295.

<figs/ch3/ice.png, id=283, 652.4375pt x 446.66875pt>
File: figs/ch3/ice.png Graphic file (type png)
<use figs/ch3/ice.png>
Package pdftex.def Info: figs/ch3/ice.png  used on input line 300.
(pdftex.def)             Requested size: 332.89412pt x 227.91391pt.

LaTeX Warning: Citation 'brandtSurfaceAlbedoAntarctic2005' on page 21 undefined
 on input line 301.



[21 <./figs/ch3/water_abs.png>]

LaTeX Warning: Reference `fig:snow' on page 22 undefined on input line 306.

<figs/ch3/snow.png, id=292, 652.4375pt x 440.64626pt>
File: figs/ch3/snow.png Graphic file (type png)
<use figs/ch3/snow.png>
Package pdftex.def Info: figs/ch3/snow.png  used on input line 311.
(pdftex.def)             Requested size: 332.89412pt x 224.84091pt.

LaTeX Warning: Citation 'brandtSurfaceAlbedoAntarctic2005' on page 22 undefined
 on input line 312.


Package acronym Warning: Acronym LiDAR is not defined on input line 324.


Package acronym Warning: Acronym LiDAR is not defined on input line 324.


Package acronym Warning: Acronym LiDAR is not defined on input line 324.


Overfull \hbox (4.96402pt too wide) in paragraph at lines 324--325
[][] \T1/EBGaramond-OsF/m/n/10.95 sensors are be-com-ing an in-creas-ingly pop-
u-lar method of re-mote sens-ing due to their abil-ity to pro-duce high-resolut
ion
 []



[22 <./figs/ch3/ice.png> <./figs/ch3/snow.png>])

[23]
\openout2 = `4_data.aux'.

 (./4_data.tex
Chapter 4.

Package acronym Warning: Acronym LiDAR is not defined on input line 13.

Package acronym Info: Label `acro:ROS' newly defined as it shall be overridden
although it is yet undefined on input line 13.

Package acronym Warning: Acronym ROS is not defined on input line 13.


Package acronym Warning: Acronym ROS is not defined on input line 13.


Package acronym Warning: Acronym FOV is not defined on input line 15.


Package acronym Warning: Acronym IMU is not defined on input line 15.


Package acronym Warning: Acronym SCALE is not defined on input line 22.


LaTeX Warning: Citation 'AaltoIceWave2024' on page 24 undefined on input line 2
8.

<figs/ch4/Aalto_Livox.jpeg, id=305, 5733.42pt x 2866.71pt>
File: figs/ch4/Aalto_Livox.jpeg Graphic file (type jpg)
<use figs/ch4/Aalto_Livox.jpeg>
Package pdftex.def Info: figs/ch4/Aalto_Livox.jpeg  used on input line 33.
(pdftex.def)             Requested size: 332.89412pt x 166.4399pt.

LaTeX Warning: Citation 'nairThreeDimensionalComputational2024' on page 24 unde
fined on input line 39.


LaTeX Warning: Reference `fig:aalto' on page 24 undefined on input line 40.



[24





 <./figs/ch4/Aalto_Livox.jpeg>]

LaTeX Warning: Reference `tab:tank_tests' on page 25 undefined on input line 44
.


LaTeX Warning: Citation 'benitzOceanHydrodynamicsEngineers' on page 25 undefine
d on input line 64.


Package acronym Warning: Acronym SCALE is not defined on input line 70.


LaTeX Warning: Citation 'vichiSCALEWIN22CruiseReport2023' on page 25 undefined 
on input line 70.


Package acronym Warning: Acronym LiDAR is not defined on input line 70.


Package acronym Warning: Acronym MIZ is not defined on input line 70.


LaTeX Warning: Reference `fig:map' on page 25 undefined on input line 70.

<figs/ch4/lidar.jpg, id=316, 770.88pt x 293.59688pt>
File: figs/ch4/lidar.jpg Graphic file (type jpg)
<use figs/ch4/lidar.jpg>
Package pdftex.def Info: figs/ch4/lidar.jpg  used on input line 75.
(pdftex.def)             Requested size: 384.11221pt x 146.29184pt.

LaTeX Warning: Reference `fig:lidar' on page 25 undefined on input line 81.


LaTeX Warning: Reference `fig:setup' on page 25 undefined on input line 81.


LaTeX Warning: Citation 'passerottiSCALEWIN22SAAgulhas' on page 25 undefined on
 input line 81.


LaTeX Warning: Citation 'passerottiSCALEWIN22SAAgulhasa' on page 25 undefined o
n input line 81.


LaTeX Warning: Citation 'passerottiSCALEWIN22SAAgulhasb' on page 25 undefined o
n input line 81.


Package acronym Warning: Acronym FOV is not defined on input line 81.


Package acronym Warning: Acronym LiDAR is not defined on input line 81.


Overfull \hbox (65.92104pt too wide) in paragraph at lines 81--82
\T1/EBGaramond-OsF/m/n/10.95 out the voy-age ([]; []; []).
 []



[25 <./figs/ch4/lidar.jpg>]
<figs/ch4/setup.png, id=324, 3035.34pt x 2276.505pt>
File: figs/ch4/setup.png Graphic file (type png)
<use figs/ch4/setup.png>
Package pdftex.def Info: figs/ch4/setup.png  used on input line 86.
(pdftex.def)             Requested size: 384.11221pt x 288.07083pt.
<figs/ch4/map.png, id=325, 1444.64719pt x 722.7pt>
File: figs/ch4/map.png Graphic file (type png)
<use figs/ch4/map.png>
Package pdftex.def Info: figs/ch4/map.png  used on input line 95.
(pdftex.def)             Requested size: 384.11221pt x 192.15417pt.


LaTeX Warning: Citation 'vichiSCALEWIN22CruiseTrack2023' on page 26 undefined o
n input line 96.



[26 <./figs/ch4/setup.png> <./figs/ch4/map.png>]

Package acronym Warning: Acronym MIZ is not defined on input line 108.


LaTeX Warning: Reference `subsec:ch4.section3.subsec1' on page 27 undefined on 
input line 110.


LaTeX Warning: Reference `subsec:ch4.section3.subsec2' on page 27 undefined on 
input line 112.


Package acronym Warning: Acronym IMU is not defined on input line 112.


Package acronym Warning: Acronym SCALE is not defined on input line 118.


LaTeX Warning: Reference `subsec:ch4.section2.subsec2' on page 27 undefined on 
input line 118.


LaTeX Warning: Reference `fig:field_setup' on page 27 undefined on input line 1
20.


LaTeX Warning: Reference `fig:angle' on page 27 undefined on input line 120.


LaTeX Warning: Reference `subsec:ch4.section2.subsec2' on page 27 undefined on 
input line 120.

<figs/ch4/field_setup.png, id=334, 4007.97375pt x 3005.98032pt>
File: figs/ch4/field_setup.png Graphic file (type png)
<use figs/ch4/field_setup.png>
Package pdftex.def Info: figs/ch4/field_setup.png  used on input line 127.
(pdftex.def)             Requested size: 243.27028pt x 182.41507pt.

Overfull \hbox (76.82323pt too wide) in paragraph at lines 128--128
[] [] 
 []

<figs/ch4/edited_level.png, id=335, 2553.54pt x 1915.155pt>
File: figs/ch4/edited_level.png Graphic file (type png)
<use figs/ch4/edited_level.png>
Package pdftex.def Info: figs/ch4/edited_level.png  used on input line 133.
(pdftex.def)             Requested size: 243.27028pt x 182.4384pt.

Overfull \hbox (76.82323pt too wide) in paragraph at lines 134--134
[] [] 
 []


LaTeX Warning: Reference `fig:boards' on page 27 undefined on input line 140.


LaTeX Warning: Reference `fig:boards' on page 27 undefined on input line 140.


LaTeX Warning: Reference `fig:target_c' on page 27 undefined on input line 140.



LaTeX Warning: Reference `fig:target_d' on page 27 undefined on input line 140.



Package acronym Warning: Acronym FOV is not defined on input line 140.



[27 <./figs/ch4/field_setup.png> <./figs/ch4/edited_level.png>]
<figs/ch4/field_boards.JPG, id=345, 4947.48375pt x 2782.395pt>
File: figs/ch4/field_boards.JPG Graphic file (type jpg)
<use figs/ch4/field_boards.JPG>
Package pdftex.def Info: figs/ch4/field_boards.JPG  used on input line 145.
(pdftex.def)             Requested size: 471.17671pt x 264.96712pt.
<figs/ch4/board_c.jpg, id=346, 4300.065pt x 4300.065pt>
File: figs/ch4/board_c.jpg Graphic file (type jpg)
<use figs/ch4/board_c.jpg>
Package pdftex.def Info: figs/ch4/board_c.jpg  used on input line 156.
(pdftex.def)             Requested size: 217.66515pt x 217.6404pt.

Overfull \hbox (76.82323pt too wide) in paragraph at lines 157--157
[] [] 
 []

<figs/ch4/board_d.jpg, id=347, 4300.065pt x 4300.065pt>
File: figs/ch4/board_d.jpg Graphic file (type jpg)
<use figs/ch4/board_d.jpg>
Package pdftex.def Info: figs/ch4/board_d.jpg  used on input line 162.
(pdftex.def)             Requested size: 217.66515pt x 217.6404pt.

Overfull \hbox (76.82323pt too wide) in paragraph at lines 163--163
[] [] 
 []


Package acronym Warning: Acronym IMU is not defined on input line 175.


Package acronym Warning: Acronym IMU is not defined on input line 175.


Package acronym Warning: Acronym IMU is not defined on input line 175.


Package acronym Warning: Acronym IMU is not defined on input line 175.



[28 <./figs/ch4/field_boards.JPG> <./figs/ch4/board_c.jpg> <./figs/ch4/board_d.
jpg>]

LaTeX Warning: Citation 'stewartPlatformSixDegrees1965' on page 29 undefined on
 input line 177.


LaTeX Warning: Citation 'clarkStewart2018' on page 29 undefined on input line 1
77.

<figs/ch4/stewart_setup.png, id=355, 4300.065pt x 3225.04875pt>
File: figs/ch4/stewart_setup.png Graphic file (type png)
<use figs/ch4/stewart_setup.png>
Package pdftex.def Info: figs/ch4/stewart_setup.png  used on input line 184.
(pdftex.def)             Requested size: 243.27028pt x 182.42227pt.
<figs/ch4/sp.png, id=356, 4300.065pt x 3225.04875pt>
File: figs/ch4/sp.png Graphic file (type png)
<use figs/ch4/sp.png>
Package pdftex.def Info: figs/ch4/sp.png  used on input line 188.
(pdftex.def)             Requested size: 243.27028pt x 182.42227pt.
<figs/ch4/markers0.png, id=357, 4300.065pt x 3225.04875pt>
File: figs/ch4/markers0.png Graphic file (type png)
<use figs/ch4/markers0.png>
Package pdftex.def Info: figs/ch4/markers0.png  used on input line 200.
(pdftex.def)             Requested size: 243.27028pt x 182.42227pt.
<figs/ch4/markers2.png, id=358, 4300.065pt x 3225.04875pt>
File: figs/ch4/markers2.png Graphic file (type png)
<use figs/ch4/markers2.png>
Package pdftex.def Info: figs/ch4/markers2.png  used on input line 204.
(pdftex.def)             Requested size: 243.27028pt x 182.42227pt.

LaTeX Warning: Citation 'PrimeX13Depth' on page 29 undefined on input line 211.



LaTeX Warning: Citation 'PrimeX13WDepth' on page 29 undefined on input line 211
.


Package acronym Warning: Acronym IMU is not defined on input line 211.


Package acronym Warning: Acronym IMU is not defined on input line 213.


LaTeX Warning: Reference `fig:markers' on page 29 undefined on input line 213.


LaTeX Warning: Reference `fig:motion_setup' on page 29 undefined on input line 
213.



[29 <./figs/ch4/stewart_setup.png> <./figs/ch4/sp.png> <./figs/ch4/markers0.png
> <./figs/ch4/markers2.png>]

Package acronym Warning: Acronym IMU is not defined on input line 215.


Package acronym Warning: Acronym IMU is not defined on input line 226.


Package acronym Warning: Acronym SCALE is not defined on input line 226.


LaTeX Warning: Reference `subsec:ch4.section2.subsec2' on page 30 undefined on 
input line 226.


Package acronym Warning: Acronym IMU is not defined on input line 233.


Package acronym Warning: Acronym MIZ is not defined on input line 233.

)

[30]
\openout2 = `5_characterisation.aux'.

 (./5_characterisation.tex
Chapter 5.
<figs/ch5/avia_axes.png, id=380, 524.55975pt x 385.44pt>
File: figs/ch5/avia_axes.png Graphic file (type png)
<use figs/ch5/avia_axes.png>
Package pdftex.def Info: figs/ch5/avia_axes.png  used on input line 11.
(pdftex.def)             Requested size: 256.07481pt x 188.16737pt.

LaTeX Warning: Citation 'AviaLiDARSensor' on page 31 undefined on input line 12
.


LaTeX Warning: Reference `fig:avia_axes' on page 31 undefined on input line 22.




[31





 <./figs/ch5/avia_axes.png>]

Package acronym Warning: Acronym IMU is not defined on input line 36.


Package acronym Warning: Acronym ROS is not defined on input line 46.


LaTeX Warning: Citation 'livoxLivoxSDKLivox_ros_driver2025' on page 32 undefine
d on input line 46.


Package acronym Warning: Acronym SCALE is not defined on input line 56.


Package acronym Warning: Acronym MIZ is not defined on input line 63.



[32]

LaTeX Warning: Citation 'AviaLiDARSensor' on page 33 undefined on input line 67
.


Package acronym Warning: Acronym MIZ is not defined on input line 67.


Overfull \hbox (50.13297pt too wide) in paragraph at lines 67--68
[]\T1/EBGaramond-OsF/m/n/10.95 The Avia was de-signed primar-ily for use in urb
an en-vir-on-ments for map-ping, nav-ig-a-tion and sur-vey-ing ap-plic-a-tions 
([]).
 []


LaTeX Warning: Citation 'PcnormalsEstimateNormals' on page 33 undefined on inpu
t line 81.

)

[33]
\openout2 = `6_pipeline.aux'.

 (./6_pipeline.tex
Chapter 6.
<figs/ch6/pipeline.png, id=405, 781.9614pt x 174.8934pt>
File: figs/ch6/pipeline.png Graphic file (type png)
<use figs/ch6/pipeline.png>
Package pdftex.def Info: figs/ch6/pipeline.png  used on input line 11.
(pdftex.def)             Requested size: 419.96643pt x 93.9313pt.

LaTeX Warning: Reference `ch:data_collection' on page 34 undefined on input lin
e 22.


Package acronym Warning: Acronym LiDAR is not defined on input line 22.


LaTeX Warning: Reference `fig:pipeline' on page 34 undefined on input line 22.


Package acronym Warning: Acronym MIZ is not defined on input line 34.

<figs/ch6/scene_frames.png, id=406, 295.5843pt x 112.0185pt>
File: figs/ch6/scene_frames.png Graphic file (type png)
<use figs/ch6/scene_frames.png>
Package pdftex.def Info: figs/ch6/scene_frames.png  used on input line 41.
(pdftex.def)             Requested size: 419.96643pt x 159.16649pt.


[34





 <./figs/ch6/pipeline.png>]

LaTeX Warning: Reference `fig:scene_frames' on page 35 undefined on input line 
47.


LaTeX Warning: Reference `fig:avia_axes' on page 35 undefined on input line 47.


Package acronym Info: Label `acro:NED' newly defined as it shall be overridden
although it is yet undefined on input line 47.

Package acronym Warning: Acronym NED is not defined on input line 47.


Package acronym Warning: Acronym NED is not defined on input line 47.


LaTeX Warning: Citation 'perezKinematicModelsManoeuvring2007' on page 35 undefi
ned on input line 47.


Package acronym Warning: Acronym NED is not defined on input line 47.

<figs/ch6/noise_eg.png, id=416, 384.9582pt x 159.4758pt>
File: figs/ch6/noise_eg.png Graphic file (type png)
<use figs/ch6/noise_eg.png>
Package pdftex.def Info: figs/ch6/noise_eg.png  used on input line 58.
(pdftex.def)             Requested size: 307.2929pt x 127.30583pt.


[35 <./figs/ch6/scene_frames.png>]

Package acronym Warning: Acronym SCALE is not defined on input line 64.


Package acronym Warning: Acronym SCALE is not defined on input line 64.


LaTeX Warning: Reference `fig:noise_eg' on page 36 undefined on input line 64.


Package acronym Warning: Acronym RANSAC is not defined on input line 70.


Package acronym Warning: Acronym LiDAR is not defined on input line 70.


LaTeX Warning: Citation 'forlaniBuildingReconstructionVisualization2003' on pag
e 36 undefined on input line 70.


Package acronym Warning: Acronym RANSAC is not defined on input line 70.


Package acronym Warning: Acronym MIZ is not defined on input line 70.


Package acronym Warning: Acronym MIZ is not defined on input line 72.


Package acronym Warning: Acronym MIZ is not defined on input line 72.


Package acronym Warning: Acronym SAR is not defined on input line 72.


Package acronym Warning: Acronym SCALE is not defined on input line 74.


Package acronym Warning: Acronym MIZ is not defined on input line 74.


Package acronym Warning: Acronym MIZ is not defined on input line 76.

<figs/ch6/stokes.png, id=425, 746.0673pt x 205.2468pt>
File: figs/ch6/stokes.png Graphic file (type png)
<use figs/ch6/stokes.png>
Package pdftex.def Info: figs/ch6/stokes.png  used on input line 81.
(pdftex.def)             Requested size: 419.96643pt x 115.53246pt.


[36 <./figs/ch6/noise_eg.png (PNG copy)>]

LaTeX Warning: Reference `fig:stokes' on page 37 undefined on input line 87.


LaTeX Warning: Citation 'benitzOceanHydrodynamicsEngineers' on page 37 undefine
d on input line 87.


LaTeX Warning: Reference `eqn:first_ord' on page 37 undefined on input line 87.



LaTeX Warning: Reference `eqn:second_ord' on page 37 undefined on input line 87
.

<figs/ch6/scenes_label.png, id=433, 1626.075pt x 1219.55624pt>
File: figs/ch6/scenes_label.png Graphic file (type png)
<use figs/ch6/scenes_label.png>
Package pdftex.def Info: figs/ch6/scenes_label.png  used on input line 112.
(pdftex.def)             Requested size: 460.93153pt x 345.69765pt.

Package acronym Warning: Acronym SCALE is not defined on input line 113.


LaTeX Warning: Citation 'vichiSCALEWIN22CruiseTrack2023' on page 37 undefined o
n input line 113.


LaTeX Warning: Citation 'passerottiSCALEWIN22SAAgulhas' on page 37 undefined on
 input line 113.


LaTeX Warning: Citation 'passerottiSCALEWIN22SAAgulhasa' on page 37 undefined o
n input line 113.


LaTeX Warning: Citation 'passerottiSCALEWIN22SAAgulhasb' on page 37 undefined o
n input line 113.



[37 <./figs/ch6/stokes.png (PNG copy)>]

LaTeX Warning: Citation 'passerottiSCALEWIN22SAAgulhas' on page 38 undefined on
 input line 118.


LaTeX Warning: Citation 'passerottiSCALEWIN22SAAgulhasa' on page 38 undefined o
n input line 118.


LaTeX Warning: Citation 'passerottiSCALEWIN22SAAgulhasb' on page 38 undefined o
n input line 118.


LaTeX Warning: Reference `tab:clust_scene' on page 38 undefined on input line 1
20.


LaTeX Warning: Reference `fig:scenes' on page 38 undefined on input line 120.


LaTeX Warning: Reference `fig:map' on page 38 undefined on input line 120.


Package acronym Warning: Acronym DBScan is not defined on input line 138.

Package acronym Info: Label `acro:VDBScan' newly defined as it shall be overrid
den
although it is yet undefined on input line 138.

Package acronym Warning: Acronym VDBScan is not defined on input line 138.


Package acronym Warning: Acronym VDBScan is not defined on input line 138.

Package acronym Info: Label `acro:OPTICS' newly defined as it shall be overridd
en
although it is yet undefined on input line 138.

Package acronym Warning: Acronym OPTICS is not defined on input line 138.


Package acronym Warning: Acronym OPTICS is not defined on input line 138.



[38 <./figs/ch6/scenes_label.png>]

Package acronym Warning: Acronym DBScan is not defined on input line 140.


Package acronym Warning: Acronym DBScan is not defined on input line 140.


LaTeX Warning: Citation 'esterDensityBasedAlgorithmDiscovering1996' on page 39 
undefined on input line 140.


Package acronym Warning: Acronym DBScan is not defined on input line 140.


Package acronym Warning: Acronym VDBScan is not defined on input line 142.


Package acronym Warning: Acronym DBScan is not defined on input line 142.


Package acronym Warning: Acronym DBScan is not defined on input line 142.


LaTeX Warning: Citation 'liuVDBSCANVariedDensity2007' on page 39 undefined on i
nput line 142.


Package acronym Warning: Acronym VDBScan is not defined on input line 142.


Package acronym Warning: Acronym VDBScan is not defined on input line 142.


Package acronym Warning: Acronym DBScan is not defined on input line 142.


Package acronym Warning: Acronym OPTICS is not defined on input line 144.


Package acronym Warning: Acronym DBScan is not defined on input line 144.


Package acronym Warning: Acronym VDBScan is not defined on input line 144.


Package acronym Warning: Acronym OPTICS is not defined on input line 144.


LaTeX Warning: Citation 'ankerstOPTICSOrderingPoints1999' on page 39 undefined 
on input line 144.


Package acronym Warning: Acronym OPTICS is not defined on input line 144.


Package acronym Warning: Acronym DBScan is not defined on input line 144.


Package acronym Warning: Acronym VDBScan is not defined on input line 144.


Package acronym Warning: Acronym ROS is not defined on input line 151.


Package acronym Warning: Acronym ROS is not defined on input line 151.


Package acronym Warning: Acronym IMU is not defined on input line 153.


Package acronym Warning: Acronym LiDAR is not defined on input line 155.


Package acronym Warning: Acronym LiDAR is not defined on input line 155.


Package acronym Warning: Acronym IMU is not defined on input line 166.


LaTeX Warning: Reference `fig:motion_compensation' on page 39 undefined on inpu
t line 166.

<figs/ch6/motion_comp.png, id=452, 781.9614pt x 258.7266pt>
File: figs/ch6/motion_comp.png Graphic file (type png)
<use figs/ch6/motion_comp.png>
Package pdftex.def Info: figs/ch6/motion_comp.png  used on input line 171.
(pdftex.def)             Requested size: 419.96643pt x 138.95622pt.


[39]
Package acronym Info: Label `acro:ESKF' newly defined as it shall be overridden

although it is yet undefined on input line 177.


Package acronym Warning: Acronym ESKF is not defined on input line 177.


Package acronym Warning: Acronym ESKF is not defined on input line 177.


Package acronym Warning: Acronym IMU is not defined on input line 177.


LaTeX Warning: Citation 'vitaliRobustErrorStateKalman2021' on page 40 undefined
 on input line 177.

Package acronym Info: Label `acro:KF' newly defined as it shall be overridden
although it is yet undefined on input line 177.

Package acronym Warning: Acronym KF is not defined on input line 177.


Package acronym Warning: Acronym KF is not defined on input line 177.


LaTeX Warning: Citation 'salmonyPms67AttitudeEstimation2025' on page 40 undefin
ed on input line 177.


Package acronym Warning: Acronym IMU is not defined on input line 177.


Package acronym Warning: Acronym IMU is not defined on input line 177.


LaTeX Warning: Reference `eqn:orient' on page 40 undefined on input line 177.


Overfull \hbox (1.67316pt too wide) in paragraph at lines 177--178
[]\T1/EBGaramond-OsF/m/n/10.95 The first Kal-man fil-ter was im-ple-men-ted us-
ing MAT-LAB's Sensor Fu-sion Tool-box. This fil-ter im-ple-ments an [][][]\T1/E
BGaramond-OsF/b/n/10.95 ESKF! \T1/EBGaramond-OsF/m/n/10.95 ([])[],
 []


LaTeX Warning: Reference `eqn:rot' on page 40 undefined on input line 193.


LaTeX Warning: Reference `eqn:rotx' on page 40 undefined on input line 193.


LaTeX Warning: Reference `eqn:roty' on page 40 undefined on input line 193.



[40 <./figs/ch6/motion_comp.png>]

LaTeX Warning: Reference `eqn:tform' on page 41 undefined on input line 229.


LaTeX Warning: Citation 'grewalApplicationsKalmanFiltering2010' on page 41 unde
fined on input line 246.


Overfull \hbox (106.74806pt too wide) in paragraph at lines 246--247
\T1/EBGaramond-OsF/m/n/10.95 met-ers, and the angle es-tim-ates ob-served un-ti
l the mean re-sid-uals reached a min-imum, as re-com-men-ded by []. 
 []


LaTeX Warning: Reference `fig:threshold_pipe' on page 41 undefined on input lin
e 252.

<figs/ch6/threshold_pipe.png, id=474, 753.0534pt x 88.1694pt>
File: figs/ch6/threshold_pipe.png Graphic file (type png)
<use figs/ch6/threshold_pipe.png>
Package pdftex.def Info: figs/ch6/threshold_pipe.png  used on input line 257.
(pdftex.def)             Requested size: 409.72125pt x 47.97131pt.
<figs/ch6/wave_est.png, id=475, 955.4094pt x 89.6148pt>
File: figs/ch6/wave_est.png Graphic file (type png)
<use figs/ch6/wave_est.png>
Package pdftex.def Info: figs/ch6/wave_est.png  used on input line 273.
(pdftex.def)             Requested size: 512.14963pt x 48.03984pt.

LaTeX Warning: Reference `fig:wave_est' on page 41 undefined on input line 279.




[41 <./figs/ch6/threshold_pipe.png> <./figs/ch6/wave_est.png>]

LaTeX Warning: Reference `eqn:probe_sin' on page 42 undefined on input line 283
.


LaTeX Warning: Reference `eqn:avia_sin' on page 42 undefined on input line 293.



Package acronym Warning: Acronym RANSAC is not defined on input line 293.


LaTeX Warning: Reference `eqn:avia_sin' on page 42 undefined on input line 293.



LaTeX Warning: Citation 'dingemansWaterWavePropagation1997' on page 42 undefine
d on input line 303.


LaTeX Warning: Reference `eqn:dispersion' on page 42 undefined on input line 30
3.


LaTeX Warning: Reference `eqn:period' on page 42 undefined on input line 311.


Package acronym Warning: Acronym DBScan is not defined on input line 325.


Package acronym Warning: Acronym VDBScan is not defined on input line 325.


Package acronym Warning: Acronym OPTICS is not defined on input line 325.



[42]

Package acronym Warning: Acronym DBScan is not defined on input line 337.


Package acronym Warning: Acronym VDBScan is not defined on input line 343.


LaTeX Warning: Citation 'liuVDBSCANVariedDensity2007' on page 43 undefined on i
nput line 343.


Package acronym Warning: Acronym VDBScan is not defined on input line 343.


Package acronym Warning: Acronym DBScan is not defined on input line 345.


Package acronym Warning: Acronym VDBScan is not defined on input line 347.


Package acronym Warning: Acronym VDBScan is not defined on input line 347.


Package acronym Warning: Acronym VDBScan is not defined on input line 347.


Overfull \hbox (3.45807pt too wide) in paragraph at lines 347--348
[]\T1/EBGaramond-OsF/m/n/10.95 The de-cision to use a mod-i-fied [][] im-ple-me
nt-a-tion was made due to com-pu-ta-tional re-straints. The ori-ginal [][]
 []


Package acronym Warning: Acronym OPTICS is not defined on input line 353.


LaTeX Warning: Citation 'daszykowskiMatlabCodeOPTICS2002' on page 43 undefined 
on input line 353.


Package acronym Warning: Acronym RANSAC is not defined on input line 360.


Package acronym Warning: Acronym DBScan is not defined on input line 360.


Package acronym Warning: Acronym VDBScan is not defined on input line 360.


Package acronym Warning: Acronym OPTICS is not defined on input line 360.



[43])

[44]
\openout2 = `7_results.aux'.

 (./7_results.tex
Chapter 7.

LaTeX Warning: Reference `fig:target_dim' on page 45 undefined on input line 15
.

<figs/ch7/target_dim.png, id=510, 345.4506pt x 345.4506pt>
File: figs/ch7/target_dim.png Graphic file (type png)
<use figs/ch7/target_dim.png>
Package pdftex.def Info: figs/ch7/target_dim.png  used on input line 20.
(pdftex.def)             Requested size: 204.85672pt x 204.86304pt.

LaTeX Warning: Reference `tab:target_a' on page 45 undefined on input line 45.


LaTeX Warning: Reference `fig:A15Mesh' on page 45 undefined on input line 45.



[45





 <./figs/ch7/target_dim.png>]

LaTeX Warning: Reference `tab:target_b' on page 46 undefined on input line 62.


LaTeX Warning: Reference `fig:B15Mesh' on page 46 undefined on input line 62.


LaTeX Warning: Reference `tab:target_c' on page 46 undefined on input line 83.


LaTeX Warning: Reference `fig:C15Mesh' on page 46 undefined on input line 83.


LaTeX Warning: Reference `tab:target_d' on page 46 undefined on input line 104.



LaTeX Warning: Reference `fig:D15Mesh' on page 46 undefined on input line 104.



[46]
<figs/ch7/a_15.png, id=528, 404.712pt x 303.534pt>
File: figs/ch7/a_15.png Graphic file (type png)
<use figs/ch7/a_15.png>
Package pdftex.def Info: figs/ch7/a_15.png  used on input line 111.
(pdftex.def)             Requested size: 256.07481pt x 192.06573pt.

Overfull \hbox (76.82323pt too wide) in paragraph at lines 112--112
[] [] 
 []

<figs/ch7/b_15.png, id=529, 404.712pt x 303.534pt>
File: figs/ch7/b_15.png Graphic file (type png)
<use figs/ch7/b_15.png>
Package pdftex.def Info: figs/ch7/b_15.png  used on input line 117.
(pdftex.def)             Requested size: 256.07481pt x 192.06573pt.

Overfull \hbox (76.82323pt too wide) in paragraph at lines 118--118
[] [] 
 []

<figs/ch7/c_15.png, id=530, 404.712pt x 317.988pt>
File: figs/ch7/c_15.png Graphic file (type png)
<use figs/ch7/c_15.png>
Package pdftex.def Info: figs/ch7/c_15.png  used on input line 129.
(pdftex.def)             Requested size: 256.07481pt x 201.21172pt.

Overfull \hbox (76.82323pt too wide) in paragraph at lines 130--130
[] [] 
 []

<figs/ch7/d_15.png, id=531, 404.712pt x 303.534pt>
File: figs/ch7/d_15.png Graphic file (type png)
<use figs/ch7/d_15.png>
Package pdftex.def Info: figs/ch7/d_15.png  used on input line 135.
(pdftex.def)             Requested size: 256.07481pt x 192.06573pt.

Overfull \hbox (76.82323pt too wide) in paragraph at lines 136--136
[] [] 
 []


LaTeX Warning: Reference `subsec:ch7.section1.subsec1' on page 47 undefined on 
input line 150.


LaTeX Warning: Reference `fig:A15Norm' on page 47 undefined on input line 150.


LaTeX Warning: Reference `fig:A15Norm' on page 47 undefined on input line 152.


LaTeX Warning: Reference `fig:B15Norm' on page 47 undefined on input line 152.


LaTeX Warning: Reference `fig:C15Norm' on page 47 undefined on input line 152.


LaTeX Warning: Reference `fig:D15Norm' on page 47 undefined on input line 152.


LaTeX Warning: Reference `fig:B15Norm' on page 47 undefined on input line 152.



[47 <./figs/ch7/a_15.png> <./figs/ch7/b_15.png> <./figs/ch7/c_15.png> <./figs/c
h7/d_15.png>]
<figs/ch7/A_Norm.png, id=544, 1171.37625pt x 782.17218pt>
File: figs/ch7/A_Norm.png Graphic file (type png)
<use figs/ch7/A_Norm.png>
Package pdftex.def Info: figs/ch7/A_Norm.png  used on input line 159.
(pdftex.def)             Requested size: 243.27028pt x 162.43495pt.

Overfull \hbox (76.82323pt too wide) in paragraph at lines 160--160
[] [] 
 []

<figs/ch7/B_Norm.png, id=545, 1178.15157pt x 777.65532pt>
File: figs/ch7/B_Norm.png Graphic file (type png)
<use figs/ch7/B_Norm.png>
Package pdftex.def Info: figs/ch7/B_Norm.png  used on input line 165.
(pdftex.def)             Requested size: 243.27028pt x 160.57138pt.

Overfull \hbox (76.82323pt too wide) in paragraph at lines 166--166
[] [] 
 []

<figs/ch7/C_Norm.png, id=546, 1239.12938pt x 810.77907pt>
File: figs/ch7/C_Norm.png Graphic file (type png)
<use figs/ch7/C_Norm.png>
Package pdftex.def Info: figs/ch7/C_Norm.png  used on input line 177.
(pdftex.def)             Requested size: 243.27028pt x 159.17142pt.

Overfull \hbox (76.82323pt too wide) in paragraph at lines 178--178
[] [] 
 []

<figs/ch7/D_Norm.png, id=547, 1178.90437pt x 785.93625pt>
File: figs/ch7/D_Norm.png Graphic file (type png)
<use figs/ch7/D_Norm.png>
Package pdftex.def Info: figs/ch7/D_Norm.png  used on input line 183.
(pdftex.def)             Requested size: 243.27028pt x 162.1733pt.

Overfull \hbox (76.82323pt too wide) in paragraph at lines 184--184
[] [] 
 []



[48 <./figs/ch7/A_Norm.png> <./figs/ch7/B_Norm.png> <./figs/ch7/C_Norm.png> <./
figs/ch7/D_Norm.png>]

Package acronym Warning: Acronym IMU is not defined on input line 200.


LaTeX Warning: Reference `fig:kf_resid_10' on page 49 undefined on input line 2
00.


LaTeX Warning: Reference `fig:eskf_resid_10' on page 49 undefined on input line
 200.


LaTeX Warning: Reference `fig:resid_10' on page 49 undefined on input line 200.



LaTeX Warning: Reference `fig:kf_resid_5' on page 49 undefined on input line 20
0.


LaTeX Warning: Reference `fig:eskf_resid_5' on page 49 undefined on input line 
200.


LaTeX Warning: Reference `fig:resid_5' on page 49 undefined on input line 200.


Package acronym Warning: Acronym ESKF is not defined on input line 200.


Package acronym Warning: Acronym LiDAR is not defined on input line 202.


Package acronym Warning: Acronym ESKF is not defined on input line 202.


Package acronym Warning: Acronym KF is not defined on input line 202.


LaTeX Warning: Reference `fig:vs_roll_10' on page 49 undefined on input line 20
2.


LaTeX Warning: Reference `fig:vs_pitch_10' on page 49 undefined on input line 2
02.


LaTeX Warning: Reference `fig:vs_roll_5' on page 49 undefined on input line 202
.


LaTeX Warning: Reference `fig:vs_pitch_5' on page 49 undefined on input line 20
2.


Package acronym Warning: Acronym KF is not defined on input line 202.


Package acronym Warning: Acronym ESKF is not defined on input line 202.


LaTeX Warning: Reference `fig:resid_10' on page 49 undefined on input line 202.



LaTeX Warning: Reference `fig:resid_5' on page 49 undefined on input line 202.


Package acronym Warning: Acronym ESKF is not defined on input line 202.


Package acronym Warning: Acronym KF is not defined on input line 202.


Package acronym Warning: Acronym ESKF is not defined on input line 202.


LaTeX Warning: Reference `fig:scale_attitude' on page 49 undefined on input lin
e 202.


Package acronym Warning: Acronym LiDAR is not defined on input line 204.

LaTeX Font Info:    Font shape `TS1/EBGaramond-OsF/b/n' will be
(Font)              scaled to size 10.95pt on input line 207.
<figs/ch7/kf_resid_10.png, id=558, 356.2911pt x 298.9569pt>
File: figs/ch7/kf_resid_10.png Graphic file (type png)
<use figs/ch7/kf_resid_10.png>
Package pdftex.def Info: figs/ch7/kf_resid_10.png  used on input line 213.
(pdftex.def)             Requested size: 307.2929pt x 257.84602pt.
<figs/ch7/eskf_resid_10.png, id=559, 356.2911pt x 298.9569pt>
File: figs/ch7/eskf_resid_10.png Graphic file (type png)
<use figs/ch7/eskf_resid_10.png>
Package pdftex.def Info: figs/ch7/eskf_resid_10.png  used on input line 222.
(pdftex.def)             Requested size: 307.2929pt x 257.84602pt.


[49 <./figs/ch7/kf_resid_10.png (PNG copy)>]
<figs/ch7/vs_resids_10.png, id=569, 356.0502pt x 284.0211pt>
File: figs/ch7/vs_resids_10.png Graphic file (type png)
<use figs/ch7/vs_resids_10.png>
Package pdftex.def Info: figs/ch7/vs_resids_10.png  used on input line 231.
(pdftex.def)             Requested size: 307.2929pt x 245.13747pt.


[50 <./figs/ch7/eskf_resid_10.png (PNG copy)> <./figs/ch7/vs_resids_10.png (PNG
 copy)>]
<figs/ch7/kf_resid_5.png, id=576, 356.2911pt x 298.9569pt>
File: figs/ch7/kf_resid_5.png Graphic file (type png)
<use figs/ch7/kf_resid_5.png>
Package pdftex.def Info: figs/ch7/kf_resid_5.png  used on input line 246.
(pdftex.def)             Requested size: 307.2929pt x 257.84602pt.
<figs/ch7/eskf_resid_5.png, id=577, 356.2911pt x 298.9569pt>
File: figs/ch7/eskf_resid_5.png Graphic file (type png)
<use figs/ch7/eskf_resid_5.png>
Package pdftex.def Info: figs/ch7/eskf_resid_5.png  used on input line 255.
(pdftex.def)             Requested size: 307.2929pt x 257.84602pt.
<figs/ch7/vs_resids_5.png, id=578, 356.0502pt x 284.0211pt>
File: figs/ch7/vs_resids_5.png Graphic file (type png)
<use figs/ch7/vs_resids_5.png>
Package pdftex.def Info: figs/ch7/vs_resids_5.png  used on input line 264.
(pdftex.def)             Requested size: 307.2929pt x 245.13747pt.


[51 <./figs/ch7/kf_resid_5.png (PNG copy)> <./figs/ch7/eskf_resid_5.png (PNG co
py)>]
<figs/ch7/scale_attitude.png, id=586, 529.7391pt x 295.1025pt>
File: figs/ch7/scale_attitude.png Graphic file (type png)
<use figs/ch7/scale_attitude.png>
Package pdftex.def Info: figs/ch7/scale_attitude.png  used on input line 273.
(pdftex.def)             Requested size: 512.14963pt x 285.33047pt.


[52 <./figs/ch7/vs_resids_5.png (PNG copy)> <./figs/ch7/scale_attitude.png (PNG
 copy)>]
<figs/ch7/no_threshold.png, id=593, 408.5664pt x 173.6889pt>
File: figs/ch7/no_threshold.png Graphic file (type png)
<use figs/ch7/no_threshold.png>
Package pdftex.def Info: figs/ch7/no_threshold.png  used on input line 290.
(pdftex.def)             Requested size: 460.93153pt x 195.95079pt.
<figs/ch7/threshold.png, id=594, 397.7259pt x 171.2799pt>
File: figs/ch7/threshold.png Graphic file (type png)
<use figs/ch7/threshold.png>
Package pdftex.def Info: figs/ch7/threshold.png  used on input line 299.
(pdftex.def)             Requested size: 460.93153pt x 198.50188pt.


LaTeX Warning: Reference `fig:no_thresh' on page 53 undefined on input line 305
.


LaTeX Warning: Reference `fig:thresh' on page 53 undefined on input line 305.


LaTeX Warning: Reference `fig:thresh' on page 53 undefined on input line 305.



[53 <./figs/ch7/no_threshold.png (PNG copy)> <./figs/ch7/threshold.png (PNG cop
y)>]

LaTeX Warning: Reference `fig:fit_view' on page 54 undefined on input line 314.



LaTeX Warning: Reference `fig:fit_profile' on page 54 undefined on input line 3
14.


LaTeX Warning: Reference `tab:curveFitter' on page 54 undefined on input line 3
14.

<figs/ch7/fit_view.png, id=604, 668.2566pt x 327.1422pt>
File: figs/ch7/fit_view.png Graphic file (type png)
<use figs/ch7/fit_view.png>
Package pdftex.def Info: figs/ch7/fit_view.png  used on input line 319.
(pdftex.def)             Requested size: 358.50317pt x 175.50104pt.
<figs/ch7/fit_profile.png, id=605, 717.6411pt x 106.4778pt>
File: figs/ch7/fit_profile.png Graphic file (type png)
<use figs/ch7/fit_profile.png>
Package pdftex.def Info: figs/ch7/fit_profile.png  used on input line 328.
(pdftex.def)             Requested size: 512.14963pt x 75.98969pt.
<figs/ch7/ransac_amp_truth.png, id=606, 364.4817pt x 297.7524pt>
File: figs/ch7/ransac_amp_truth.png Graphic file (type png)
<use figs/ch7/ransac_amp_truth.png>
Package pdftex.def Info: figs/ch7/ransac_amp_truth.png  used on input line 387.

(pdftex.def)             Requested size: 243.27028pt x 198.73888pt.

Overfull \hbox (76.82323pt too wide) in paragraph at lines 388--388
[] [] 
 []

<figs/ch7/ransac_period_truth0.png, id=607, 359.6637pt x 299.6796pt>
File: figs/ch7/ransac_period_truth0.png Graphic file (type png)
<use figs/ch7/ransac_period_truth0.png>
Package pdftex.def Info: figs/ch7/ransac_period_truth0.png  used on input line 
393.
(pdftex.def)             Requested size: 243.27028pt x 202.70024pt.

Overfull \hbox (76.82323pt too wide) in paragraph at lines 394--394
[] [] 
 []



[54 <./figs/ch7/fit_view.png (PNG copy)> <./figs/ch7/fit_profile.png (PNG copy)
>]

Package acronym Warning: Acronym LiDAR is not defined on input line 400.


Package acronym Warning: Acronym RANSAC is not defined on input line 400.


LaTeX Warning: Reference `tab:RANSAC' on page 55 undefined on input line 400.


Package acronym Warning: Acronym RANSAC is not defined on input line 400.


LaTeX Warning: Reference `fig:period' on page 55 undefined on input line 400.


LaTeX Warning: Reference `fig:amp' on page 55 undefined on input line 401.


Package acronym Warning: Acronym RANSAC is not defined on input line 403.

<figs/ch7/rand_amp.png, id=617, 358.941pt x 297.7524pt>
File: figs/ch7/rand_amp.png Graphic file (type png)
<use figs/ch7/rand_amp.png>
Package pdftex.def Info: figs/ch7/rand_amp.png  used on input line 410.
(pdftex.def)             Requested size: 243.27028pt x 201.80107pt.

Overfull \hbox (76.82323pt too wide) in paragraph at lines 411--411
[] [] 
 []

<figs/ch7/rand_per.png, id=618, 362.0727pt x 297.7524pt>
File: figs/ch7/rand_per.png Graphic file (type png)
<use figs/ch7/rand_per.png>
Package pdftex.def Info: figs/ch7/rand_per.png  used on input line 416.
(pdftex.def)             Requested size: 243.27028pt x 200.05643pt.

Overfull \hbox (76.82323pt too wide) in paragraph at lines 417--417
[] [] 
 []


Package acronym Warning: Acronym RANSAC is not defined on input line 423.


LaTeX Warning: Reference `fig:rand_amp' on page 55 undefined on input line 423.



LaTeX Warning: Reference `fig:rand_period' on page 55 undefined on input line 4
23.


LaTeX Warning: Reference `tab:RANSAC' on page 55 undefined on input line 423.



[55 <./figs/ch7/ransac_amp_truth.png (PNG copy)> <./figs/ch7/ransac_period_trut
h0.png (PNG copy)> <./figs/ch7/rand_amp.png (PNG copy)> <./figs/ch7/rand_per.pn
g (PNG copy)>]

LaTeX Warning: Reference `fig:2290' on page 56 undefined on input line 437.


LaTeX Warning: Reference `fig:2290Frame' on page 56 undefined on input line 437
.


LaTeX Warning: Reference `fig:2291Frame' on page 56 undefined on input line 437
.

<figs/ch7/2290frame.png, id=625, 289.08pt x 304.4976pt>
File: figs/ch7/2290frame.png Graphic file (type png)
<use figs/ch7/2290frame.png>
Package pdftex.def Info: figs/ch7/2290frame.png  used on input line 444.
(pdftex.def)             Requested size: 230.46576pt x 242.75743pt.

Overfull \hbox (76.82323pt too wide) in paragraph at lines 445--445
[] [] 
 []

<figs/ch7/2291frame.png, id=626, 289.08pt x 304.4976pt>
File: figs/ch7/2291frame.png Graphic file (type png)
<use figs/ch7/2291frame.png>
Package pdftex.def Info: figs/ch7/2291frame.png  used on input line 450.
(pdftex.def)             Requested size: 230.46576pt x 242.75743pt.

Overfull \hbox (76.82323pt too wide) in paragraph at lines 451--451
[] [] 
 []

<figs/ch7/2290cam.PNG, id=627, 1927.2pt x 1084.05pt>
File: figs/ch7/2290cam.PNG Graphic file (type png)
<use figs/ch7/2290cam.PNG>
Package pdftex.def Info: figs/ch7/2290cam.PNG  used on input line 460.
(pdftex.def)             Requested size: 384.11221pt x 216.0618pt.

LaTeX Warning: Citation 'passerottiSCALEWIN22SAAgulhas' on page 56 undefined on
 input line 461.


LaTeX Warning: Reference `fig:clust660DB' on page 56 undefined on input line 47
0.


Package acronym Warning: Acronym DBScan is not defined on input line 470.


Package acronym Warning: Acronym OPTICS is not defined on input line 470.


LaTeX Warning: Reference `fig:clust660DB' on page 56 undefined on input line 47
0.


LaTeX Warning: Reference `fig:clust660OPT' on page 56 undefined on input line 4
70.


LaTeX Warning: Reference `fig:clust661DB' on page 56 undefined on input line 47
0.


LaTeX Warning: Reference `fig:clust661OPT' on page 56 undefined on input line 4
70.


Package acronym Warning: Acronym VDBScan is not defined on input line 470.


LaTeX Warning: Reference `fig:clust660VDB' on page 56 undefined on input line 4
70.


LaTeX Warning: Reference `fig:clust661VDB' on page 56 undefined on input line 4
70.


LaTeX Warning: Reference `tab:660Clust' on page 56 undefined on input line 470.




[56 <./figs/ch7/2290frame.png (PNG copy)> <./figs/ch7/2291frame.png (PNG copy)>
 <./figs/ch7/2290cam.png>]
<figs/ch7/660frame.png, id=637, 289.3209pt x 304.4976pt>
File: figs/ch7/660frame.png Graphic file (type png)
<use figs/ch7/660frame.png>
Package pdftex.def Info: figs/ch7/660frame.png  used on input line 493.
(pdftex.def)             Requested size: 230.46576pt x 242.55765pt.

Overfull \hbox (76.82323pt too wide) in paragraph at lines 494--494
[] [] 
 []

<figs/ch7/660_DB.png, id=638, 289.3209pt x 304.4976pt>
File: figs/ch7/660_DB.png Graphic file (type png)
<use figs/ch7/660_DB.png>
Package pdftex.def Info: figs/ch7/660_DB.png  used on input line 499.
(pdftex.def)             Requested size: 230.46576pt x 242.55765pt.

Overfull \hbox (76.82323pt too wide) in paragraph at lines 500--500
[] [] 
 []

<figs/ch7/660_VDB.png, id=639, 289.08pt x 304.4976pt>
File: figs/ch7/660_VDB.png Graphic file (type png)
<use figs/ch7/660_VDB.png>
Package pdftex.def Info: figs/ch7/660_VDB.png  used on input line 511.
(pdftex.def)             Requested size: 230.46576pt x 242.75743pt.

Overfull \hbox (76.82323pt too wide) in paragraph at lines 512--512
[] [] 
 []

<figs/ch7/660_OPT.png, id=640, 289.08pt x 304.4976pt>
File: figs/ch7/660_OPT.png Graphic file (type png)
<use figs/ch7/660_OPT.png>
Package pdftex.def Info: figs/ch7/660_OPT.png  used on input line 517.
(pdftex.def)             Requested size: 230.46576pt x 242.75743pt.

Overfull \hbox (76.82323pt too wide) in paragraph at lines 518--518
[] [] 
 []


LaTeX Warning: Reference `fig:660Frame' on page 57 undefined on input line 524.



Package acronym Warning: Acronym DBScan is not defined on input line 524.


Package acronym Warning: Acronym OPTICS is not defined on input line 524.


Package acronym Warning: Acronym DBScan is not defined on input line 524.



[57 <./figs/ch7/660frame.png (PNG copy)> <./figs/ch7/660_DB.png (PNG copy)> <./
figs/ch7/660_VDB.png (PNG copy)> <./figs/ch7/660_OPT.png (PNG copy)>]
<figs/ch7/661frame.png, id=649, 289.3209pt x 304.4976pt>
File: figs/ch7/661frame.png Graphic file (type png)
<use figs/ch7/661frame.png>
Package pdftex.def Info: figs/ch7/661frame.png  used on input line 531.
(pdftex.def)             Requested size: 230.46576pt x 242.55765pt.

Overfull \hbox (76.82323pt too wide) in paragraph at lines 532--532
[] [] 
 []

<figs/ch7/660_661_DB.png, id=650, 289.3209pt x 304.4976pt>
File: figs/ch7/660_661_DB.png Graphic file (type png)
<use figs/ch7/660_661_DB.png>
Package pdftex.def Info: figs/ch7/660_661_DB.png  used on input line 537.
(pdftex.def)             Requested size: 230.46576pt x 242.55765pt.

Overfull \hbox (76.82323pt too wide) in paragraph at lines 538--538
[] [] 
 []

<figs/ch7/660_661_VDB.png, id=651, 289.3209pt x 304.4976pt>
File: figs/ch7/660_661_VDB.png Graphic file (type png)
<use figs/ch7/660_661_VDB.png>
Package pdftex.def Info: figs/ch7/660_661_VDB.png  used on input line 549.
(pdftex.def)             Requested size: 230.46576pt x 242.55765pt.

Overfull \hbox (76.82323pt too wide) in paragraph at lines 550--550
[] [] 
 []

<figs/ch7/660_661_OPT.png, id=652, 289.08pt x 304.4976pt>
File: figs/ch7/660_661_OPT.png Graphic file (type png)
<use figs/ch7/660_661_OPT.png>
Package pdftex.def Info: figs/ch7/660_661_OPT.png  used on input line 555.
(pdftex.def)             Requested size: 230.46576pt x 242.75743pt.

Overfull \hbox (76.82323pt too wide) in paragraph at lines 556--556
[] [] 
 []


LaTeX Warning: Reference `fig:661Frame' on page 58 undefined on input line 562.



Package acronym Warning: Acronym DBScan is not defined on input line 562.


Package acronym Warning: Acronym OPTICS is not defined on input line 562.


LaTeX Warning: Reference `fig:661Frame' on page 58 undefined on input line 562.



Package acronym Warning: Acronym OPTICS is not defined on input line 562.


Package acronym Warning: Acronym DBScan is not defined on input line 562.


LaTeX Warning: Reference `fig:660' on page 58 undefined on input line 562.

<figs/ch7/660cam.PNG, id=653, 1927.2pt x 1084.05pt>
File: figs/ch7/660cam.PNG Graphic file (type png)
<use figs/ch7/660cam.PNG>
Package pdftex.def Info: figs/ch7/660cam.PNG  used on input line 567.
(pdftex.def)             Requested size: 384.11221pt x 216.0618pt.

LaTeX Warning: Citation 'passerottiSCALEWIN22SAAgulhasa' on page 58 undefined o
n input line 568.



[58 <./figs/ch7/661frame.png (PNG copy)> <./figs/ch7/660_661_DB.png (PNG copy)>
 <./figs/ch7/660_661_VDB.png (PNG copy)> <./figs/ch7/660_661_OPT.png (PNG copy)
>]

LaTeX Warning: Reference `fig:clust980DB' on page 59 undefined on input line 57
7.


LaTeX Warning: Reference `tab:980Clust' on page 59 undefined on input line 577.


<figs/ch7/980frame.png, id=660, 289.08pt x 304.4976pt>
File: figs/ch7/980frame.png Graphic file (type png)
<use figs/ch7/980frame.png>
Package pdftex.def Info: figs/ch7/980frame.png  used on input line 600.
(pdftex.def)             Requested size: 230.46576pt x 242.75743pt.

Overfull \hbox (76.82323pt too wide) in paragraph at lines 601--601
[] [] 
 []

<figs/ch7/980_DB.png, id=661, 289.08pt x 304.4976pt>
File: figs/ch7/980_DB.png Graphic file (type png)
<use figs/ch7/980_DB.png>
Package pdftex.def Info: figs/ch7/980_DB.png  used on input line 606.
(pdftex.def)             Requested size: 230.46576pt x 242.75743pt.

Overfull \hbox (76.82323pt too wide) in paragraph at lines 607--607
[] [] 
 []

<figs/ch7/980_VDB.png, id=662, 289.08pt x 304.4976pt>
File: figs/ch7/980_VDB.png Graphic file (type png)
<use figs/ch7/980_VDB.png>
Package pdftex.def Info: figs/ch7/980_VDB.png  used on input line 618.
(pdftex.def)             Requested size: 230.46576pt x 242.75743pt.

Overfull \hbox (76.82323pt too wide) in paragraph at lines 619--619
[] [] 
 []

<figs/ch7/980_OPT.png, id=663, 289.08pt x 304.4976pt>
File: figs/ch7/980_OPT.png Graphic file (type png)
<use figs/ch7/980_OPT.png>
Package pdftex.def Info: figs/ch7/980_OPT.png  used on input line 624.
(pdftex.def)             Requested size: 230.46576pt x 242.75743pt.

Overfull \hbox (76.82323pt too wide) in paragraph at lines 625--625
[] [] 
 []



[59 <./figs/ch7/660cam.png> <./figs/ch7/980frame.png (PNG copy)> <./figs/ch7/98
0_DB.png (PNG copy)>]

LaTeX Warning: Reference `fig:980Frame' on page 60 undefined on input line 631.



Package acronym Warning: Acronym DBScan is not defined on input line 631.


LaTeX Warning: Reference `fig:clust980DB' on page 60 undefined on input line 63
1.


Package acronym Warning: Acronym OPTICS is not defined on input line 631.


LaTeX Warning: Reference `fig:clust980OPT' on page 60 undefined on input line 6
31.


LaTeX Warning: Reference `fig:980Frame' on page 60 undefined on input line 631.



Package acronym Warning: Acronym VDBScan is not defined on input line 631.


LaTeX Warning: Reference `fig:clust980VDB' on page 60 undefined on input line 6
31.

<figs/ch7/981frame.png, id=674, 289.08pt x 304.4976pt>
File: figs/ch7/981frame.png Graphic file (type png)
<use figs/ch7/981frame.png>
Package pdftex.def Info: figs/ch7/981frame.png  used on input line 638.
(pdftex.def)             Requested size: 230.46576pt x 242.75743pt.

Overfull \hbox (76.82323pt too wide) in paragraph at lines 639--639
[] [] 
 []

<figs/ch7/980_981_DB.png, id=675, 289.08pt x 304.4976pt>
File: figs/ch7/980_981_DB.png Graphic file (type png)
<use figs/ch7/980_981_DB.png>
Package pdftex.def Info: figs/ch7/980_981_DB.png  used on input line 644.
(pdftex.def)             Requested size: 230.46576pt x 242.75743pt.

Overfull \hbox (76.82323pt too wide) in paragraph at lines 645--645
[] [] 
 []

<figs/ch7/980_981_VDB.png, id=676, 289.08pt x 304.4976pt>
File: figs/ch7/980_981_VDB.png Graphic file (type png)
<use figs/ch7/980_981_VDB.png>
Package pdftex.def Info: figs/ch7/980_981_VDB.png  used on input line 656.
(pdftex.def)             Requested size: 230.46576pt x 242.75743pt.

Overfull \hbox (76.82323pt too wide) in paragraph at lines 657--657
[] [] 
 []

<figs/ch7/980_981_OPT.png, id=677, 289.08pt x 304.4976pt>
File: figs/ch7/980_981_OPT.png Graphic file (type png)
<use figs/ch7/980_981_OPT.png>
Package pdftex.def Info: figs/ch7/980_981_OPT.png  used on input line 662.
(pdftex.def)             Requested size: 230.46576pt x 242.75743pt.

Overfull \hbox (76.82323pt too wide) in paragraph at lines 663--663
[] [] 
 []



[60 <./figs/ch7/980_VDB.png (PNG copy)> <./figs/ch7/980_OPT.png (PNG copy)> <./
figs/ch7/981frame.png (PNG copy)> <./figs/ch7/980_981_DB.png (PNG copy)>]

LaTeX Warning: Reference `fig:981Frame' on page 61 undefined on input line 669.



Package acronym Warning: Acronym DBScan is not defined on input line 669.


LaTeX Warning: Reference `fig:clust981DB' on page 61 undefined on input line 66
9.


Package acronym Warning: Acronym VDBScan is not defined on input line 669.


Package acronym Warning: Acronym OPTICS is not defined on input line 669.


LaTeX Warning: Reference `fig:clust981VDB' on page 61 undefined on input line 6
69.


LaTeX Warning: Reference `fig:clust981OPT' on page 61 undefined on input line 6
69.


Package acronym Warning: Acronym OPTICS is not defined on input line 669.


Package acronym Warning: Acronym VDBScan is not defined on input line 669.


Package acronym Warning: Acronym OPTICS is not defined on input line 669.


LaTeX Warning: Reference `fig:981Frame' on page 61 undefined on input line 669.



LaTeX Warning: Reference `fig:980' on page 61 undefined on input line 669.

<figs/ch7/980cam.PNG, id=684, 1921.1775pt x 1081.03876pt>
File: figs/ch7/980cam.PNG Graphic file (type png)
<use figs/ch7/980cam.PNG>
Package pdftex.def Info: figs/ch7/980cam.PNG  used on input line 674.
(pdftex.def)             Requested size: 384.11221pt x 216.13794pt.

LaTeX Warning: Citation 'passerottiSCALEWIN22SAAgulhasb' on page 61 undefined o
n input line 675.


LaTeX Warning: Reference `fig:clust5620DB' on page 61 undefined on input line 6
84.


LaTeX Warning: Reference `fig:clust5620DB' on page 61 undefined on input line 6
84.


LaTeX Warning: Reference `fig:clust5620VDB' on page 61 undefined on input line 
684.


LaTeX Warning: Reference `fig:clust5620OPT' on page 61 undefined on input line 
684.


LaTeX Warning: Reference `fig:clust5621DB' on page 61 undefined on input line 6
84.


LaTeX Warning: Reference `fig:clust5621VDB' on page 61 undefined on input line 
684.


LaTeX Warning: Reference `fig:clust5621OPT' on page 61 undefined on input line 
684.


LaTeX Warning: Reference `tab:5620Clust' on page 61 undefined on input line 684
.


Package acronym Warning: Acronym OPTICS is not defined on input line 684.


LaTeX Warning: Reference `fig:clust5620OPT' on page 61 undefined on input line 
684.


Package acronym Warning: Acronym VDBScan is not defined on input line 684.


LaTeX Warning: Reference `fig:clust5621VDB' on page 61 undefined on input line 
684.



[61 <./figs/ch7/980_981_VDB.png (PNG copy)> <./figs/ch7/980_981_OPT.png (PNG co
py)> <./figs/ch7/980cam.PNG>]
<figs/ch7/5620frame.png, id=693, 289.08pt x 304.4976pt>
File: figs/ch7/5620frame.png Graphic file (type png)
<use figs/ch7/5620frame.png>
Package pdftex.def Info: figs/ch7/5620frame.png  used on input line 707.
(pdftex.def)             Requested size: 230.46576pt x 242.75743pt.

Overfull \hbox (76.82323pt too wide) in paragraph at lines 708--708
[] [] 
 []

<figs/ch7/5620_DB.png, id=694, 289.08pt x 304.4976pt>
File: figs/ch7/5620_DB.png Graphic file (type png)
<use figs/ch7/5620_DB.png>
Package pdftex.def Info: figs/ch7/5620_DB.png  used on input line 713.
(pdftex.def)             Requested size: 230.46576pt x 242.75743pt.

Overfull \hbox (76.82323pt too wide) in paragraph at lines 714--714
[] [] 
 []

<figs/ch7/5620_VDB.png, id=695, 289.08pt x 304.4976pt>
File: figs/ch7/5620_VDB.png Graphic file (type png)
<use figs/ch7/5620_VDB.png>
Package pdftex.def Info: figs/ch7/5620_VDB.png  used on input line 725.
(pdftex.def)             Requested size: 230.46576pt x 242.75743pt.

Overfull \hbox (76.82323pt too wide) in paragraph at lines 726--726
[] [] 
 []

<figs/ch7/5620_OPT.png, id=696, 289.08pt x 304.4976pt>
File: figs/ch7/5620_OPT.png Graphic file (type png)
<use figs/ch7/5620_OPT.png>
Package pdftex.def Info: figs/ch7/5620_OPT.png  used on input line 731.
(pdftex.def)             Requested size: 230.46576pt x 242.75743pt.

Overfull \hbox (76.82323pt too wide) in paragraph at lines 732--732
[] [] 
 []


LaTeX Warning: Reference `fig:5620Frame' on page 62 undefined on input line 738
.


LaTeX Warning: Reference `fig:5620Frame' on page 62 undefined on input line 738
.


Package acronym Warning: Acronym OPTICS is not defined on input line 738.

<figs/ch7/5621frame.png, id=697, 289.08pt x 304.4976pt>
File: figs/ch7/5621frame.png Graphic file (type png)
<use figs/ch7/5621frame.png>
Package pdftex.def Info: figs/ch7/5621frame.png  used on input line 745.
(pdftex.def)             Requested size: 230.46576pt x 242.75743pt.

Overfull \hbox (76.82323pt too wide) in paragraph at lines 746--746
[] [] 
 []

<figs/ch7/5620_5621_DB.png, id=698, 289.08pt x 304.4976pt>
File: figs/ch7/5620_5621_DB.png Graphic file (type png)
<use figs/ch7/5620_5621_DB.png>
Package pdftex.def Info: figs/ch7/5620_5621_DB.png  used on input line 751.
(pdftex.def)             Requested size: 230.46576pt x 242.75743pt.

Overfull \hbox (76.82323pt too wide) in paragraph at lines 752--752
[] [] 
 []



[62 <./figs/ch7/5620frame.png (PNG copy)> <./figs/ch7/5620_DB.png (PNG copy)> <
./figs/ch7/5620_VDB.png (PNG copy)> <./figs/ch7/5620_OPT.png (PNG copy)>]
<figs/ch7/5620_5621_VDB.png, id=706, 289.08pt x 304.4976pt>
File: figs/ch7/5620_5621_VDB.png Graphic file (type png)
<use figs/ch7/5620_5621_VDB.png>
Package pdftex.def Info: figs/ch7/5620_5621_VDB.png  used on input line 763.
(pdftex.def)             Requested size: 230.46576pt x 242.75743pt.

Overfull \hbox (76.82323pt too wide) in paragraph at lines 764--764
[] [] 
 []

<figs/ch7/5620_5621_OPT.png, id=707, 289.08pt x 304.4976pt>
File: figs/ch7/5620_5621_OPT.png Graphic file (type png)
<use figs/ch7/5620_5621_OPT.png>
Package pdftex.def Info: figs/ch7/5620_5621_OPT.png  used on input line 769.
(pdftex.def)             Requested size: 230.46576pt x 242.75743pt.

Overfull \hbox (76.82323pt too wide) in paragraph at lines 770--770
[] [] 
 []


LaTeX Warning: Reference `fig:5621Frame' on page 63 undefined on input line 776
.


Package acronym Warning: Acronym OPTICS is not defined on input line 776.


LaTeX Warning: Reference `fig:5621Frame' on page 63 undefined on input line 776
.


LaTeX Warning: Reference `fig:5620' on page 63 undefined on input line 776.


Package acronym Warning: Acronym OPTICS is not defined on input line 776.


Package acronym Warning: Acronym DBScan is not defined on input line 776.


Package acronym Warning: Acronym VDBScan is not defined on input line 776.


Package acronym Warning: Acronym DBScan is not defined on input line 776.


LaTeX Warning: Reference `fig:5621Frame' on page 63 undefined on input line 776
.


LaTeX Warning: Reference `fig:5620' on page 63 undefined on input line 776.

<figs/ch7/5620cam.PNG, id=708, 1445.4pt x 813.0375pt>
File: figs/ch7/5620cam.PNG Graphic file (type png)
<use figs/ch7/5620cam.PNG>
Package pdftex.def Info: figs/ch7/5620cam.PNG  used on input line 781.
(pdftex.def)             Requested size: 384.11221pt x 216.0618pt.

LaTeX Warning: Citation 'passerottiSCALEWIN22SAAgulhasb' on page 63 undefined o
n input line 782.



[63 <./figs/ch7/5621frame.png (PNG copy)> <./figs/ch7/5620_5621_DB.png (PNG cop
y)> <./figs/ch7/5620_5621_VDB.png (PNG copy)> <./figs/ch7/5620_5621_OPT.png (PN
G copy)>])

[64 <./figs/ch7/5620cam.PNG>]
\openout2 = `8_discussion.aux'.

 (./8_discussion.tex
Chapter 8.

LaTeX Warning: Reference `tab:target_a' on page 65 undefined on input line 15.


LaTeX Warning: Reference `tab:target_d' on page 65 undefined on input line 15.


LaTeX Warning: Reference `fig:A15Mesh' on page 65 undefined on input line 17.


LaTeX Warning: Reference `fig:B15Mesh' on page 65 undefined on input line 19.


LaTeX Warning: Reference `fig:C15Mesh' on page 65 undefined on input line 21.


LaTeX Warning: Reference `fig:D15Mesh' on page 65 undefined on input line 23.



[65





]

LaTeX Warning: Reference `fig:A15Norm' on page 66 undefined on input line 31.


LaTeX Warning: Reference `fig:D15Norm' on page 66 undefined on input line 31.


LaTeX Warning: Reference `fig:A15Mesh' on page 66 undefined on input line 31.


LaTeX Warning: Reference `fig:D15Mesh' on page 66 undefined on input line 31.


Package acronym Warning: Acronym FOV is not defined on input line 37.


Package acronym Warning: Acronym LiDAR is not defined on input line 48.


Package acronym Warning: Acronym ESKF is not defined on input line 48.


Package acronym Warning: Acronym KF is not defined on input line 48.


Package acronym Warning: Acronym IMU is not defined on input line 48.



[66]

Package acronym Warning: Acronym ESKF is not defined on input line 50.


Package acronym Warning: Acronym LiDAR is not defined on input line 50.


Package acronym Warning: Acronym ESKF is not defined on input line 50.


Package acronym Warning: Acronym KF is not defined on input line 50.


Package acronym Warning: Acronym ESKF is not defined on input line 50.


Package acronym Warning: Acronym KF is not defined on input line 50.


LaTeX Warning: Reference `fig:rand_amp' on page 67 undefined on input line 65.


LaTeX Warning: Reference `fig:rand_period' on page 67 undefined on input line 6
5.


LaTeX Warning: Reference `fig:amp' on page 67 undefined on input line 65.



[67]

Package acronym Warning: Acronym DBScan is not defined on input line 76.


Package acronym Warning: Acronym OPTICS is not defined on input line 76.


Package acronym Warning: Acronym VDBScan is not defined on input line 76.


Package acronym Warning: Acronym VDBScan is not defined on input line 76.


Package acronym Warning: Acronym VDBScan is not defined on input line 76.


Package acronym Warning: Acronym VDBScan is not defined on input line 76.


Package acronym Warning: Acronym DBScan is not defined on input line 77.


Package acronym Warning: Acronym OPTICS is not defined on input line 77.


Package acronym Warning: Acronym DBScan is not defined on input line 77.


Package acronym Warning: Acronym OPTICS is not defined on input line 77.


Package acronym Warning: Acronym VDBScan is not defined on input line 79.


Package acronym Warning: Acronym DBScan is not defined on input line 79.


Package acronym Warning: Acronym OPTICS is not defined on input line 79.


Package acronym Warning: Acronym OPTICS is not defined on input line 79.


Package acronym Warning: Acronym VDBScan is not defined on input line 79.


Package acronym Warning: Acronym OPTICS is not defined on input line 79.


Package acronym Warning: Acronym DBScan is not defined on input line 79.


Package acronym Warning: Acronym FOV is not defined on input line 79.


Package acronym Warning: Acronym OPTICS is not defined on input line 81.


Package acronym Warning: Acronym VDBScan is not defined on input line 83.


Package acronym Warning: Acronym OPTICS is not defined on input line 83.


Package acronym Warning: Acronym DBScan is not defined on input line 83.


Package acronym Warning: Acronym VDBScan is not defined on input line 83.


Package acronym Warning: Acronym OPTICS is not defined on input line 83.



[68]

LaTeX Warning: Reference `fig:660Frame' on page 69 undefined on input line 85.


LaTeX Warning: Reference `fig:661Frame' on page 69 undefined on input line 85.


LaTeX Warning: Reference `fig:980Frame' on page 69 undefined on input line 85.


LaTeX Warning: Reference `fig:981Frame' on page 69 undefined on input line 85.


LaTeX Warning: Reference `fig:5620Frame' on page 69 undefined on input line 85.



LaTeX Warning: Reference `fig:5621Frame' on page 69 undefined on input line 85.



Package acronym Warning: Acronym LiDAR is not defined on input line 85.


Package acronym Warning: Acronym LiDAR is not defined on input line 92.


Package acronym Warning: Acronym LiDAR is not defined on input line 92.


Package acronym Warning: Acronym OPTICS is not defined on input line 92.

)

[69]
\openout2 = `9_conclusion.aux'.

 (./9_conclusion.tex
Chapter 9.

Package acronym Warning: Acronym LiDAR is not defined on input line 11.


Package acronym Warning: Acronym MIZ is not defined on input line 11.


Package acronym Warning: Acronym MIZ is not defined on input line 11.


Package acronym Warning: Acronym SCALE is not defined on input line 11.


Package acronym Warning: Acronym MIZ is not defined on input line 13.


Package acronym Warning: Acronym LiDAR is not defined on input line 13.


Package acronym Warning: Acronym LiDAR is not defined on input line 13.


Package acronym Warning: Acronym LiDAR is not defined on input line 13.


Package acronym Warning: Acronym RANSAC is not defined on input line 13.


Package acronym Warning: Acronym LiDAR is not defined on input line 17.


Package acronym Warning: Acronym SCALE is not defined on input line 17.


Package acronym Warning: Acronym ESKF is not defined on input line 17.


Package acronym Warning: Acronym LiDAR is not defined on input line 19.


Package acronym Warning: Acronym DBScan is not defined on input line 21.


Package acronym Warning: Acronym OPTICS is not defined on input line 21.


Package acronym Warning: Acronym VDBScan is not defined on input line 21.


Package acronym Warning: Acronym DBScan is not defined on input line 21.


Package acronym Warning: Acronym OPTICS is not defined on input line 21.



[70





]

Package acronym Warning: Acronym LiDAR is not defined on input line 23.


Package acronym Warning: Acronym MIZ is not defined on input line 25.


Package acronym Warning: Acronym LiDAR is not defined on input line 25.


Package acronym Warning: Acronym LiDAR is not defined on input line 25.


Package acronym Warning: Acronym MIZ is not defined on input line 25.


Package acronym Warning: Acronym MIZ is not defined on input line 32.


Package acronym Warning: Acronym LiDAR is not defined on input line 32.


Package acronym Warning: Acronym GPS is not defined on input line 36.


Package acronym Warning: Acronym LiDAR is not defined on input line 36.


Package acronym Warning: Acronym MIZ is not defined on input line 38.


Package acronym Warning: Acronym SCALE is not defined on input line 38.


Package acronym Warning: Acronym LiDAR is not defined on input line 42.


Package acronym Warning: Acronym LiDAR is not defined on input line 44.


Package acronym Warning: Acronym MIZ is not defined on input line 44.


Package acronym Warning: Acronym LiDAR is not defined on input line 44.

)

[71]
\openout2 = `A_appendix.aux'.

 (./A_appendix.tex
Appendix A.
<figs/chA/A1.png, id=766, 585.18625pt x 438.63875pt>
File: figs/chA/A1.png Graphic file (type png)
<use figs/chA/A1.png>
Package pdftex.def Info: figs/chA/A1.png  used on input line 19.
(pdftex.def)             Requested size: 256.07481pt x 191.95082pt.

Overfull \hbox (76.82323pt too wide) in paragraph at lines 20--20
[] [] 
 []

<figs/chA/B1.png, id=767, 585.18625pt x 438.63875pt>
File: figs/chA/B1.png Graphic file (type png)
<use figs/chA/B1.png>
Package pdftex.def Info: figs/chA/B1.png  used on input line 25.
(pdftex.def)             Requested size: 256.07481pt x 191.95082pt.

Overfull \hbox (76.82323pt too wide) in paragraph at lines 26--26
[] [] 
 []

<figs/chA/C1.png, id=768, 585.18625pt x 438.63875pt>
File: figs/chA/C1.png Graphic file (type png)
<use figs/chA/C1.png>
Package pdftex.def Info: figs/chA/C1.png  used on input line 37.
(pdftex.def)             Requested size: 256.07481pt x 191.95082pt.

Overfull \hbox (76.82323pt too wide) in paragraph at lines 38--38
[] [] 
 []

<figs/chA/D1.png, id=769, 585.18625pt x 438.63875pt>
File: figs/chA/D1.png Graphic file (type png)
<use figs/chA/D1.png>
Package pdftex.def Info: figs/chA/D1.png  used on input line 43.
(pdftex.def)             Requested size: 256.07481pt x 191.95082pt.

Overfull \hbox (76.82323pt too wide) in paragraph at lines 44--44
[] [] 
 []



[72





 <./figs/chA/A1.png> <./figs/chA/B1.png> <./figs/chA/C1.png> <./figs/chA/D1.png
>]
LaTeX Font Info:    Font shape `TS1/EBGaramond-OsF/b/n' will be
(Font)              scaled to size 12.0pt on input line 58.
<figs/chA/kf_roll_10.png, id=778, 371.2269pt x 298.9569pt>
File: figs/chA/kf_roll_10.png Graphic file (type png)
<use figs/chA/kf_roll_10.png>
Package pdftex.def Info: figs/chA/kf_roll_10.png  used on input line 66.
(pdftex.def)             Requested size: 256.07481pt x 206.22572pt.

Overfull \hbox (76.82323pt too wide) in paragraph at lines 67--67
[] [] 
 []

<figs/chA/kf_pitch_10.png, id=779, 371.2269pt x 298.9569pt>
File: figs/chA/kf_pitch_10.png Graphic file (type png)
<use figs/chA/kf_pitch_10.png>
Package pdftex.def Info: figs/chA/kf_pitch_10.png  used on input line 72.
(pdftex.def)             Requested size: 256.07481pt x 206.22572pt.

Overfull \hbox (76.82323pt too wide) in paragraph at lines 73--73
[] [] 
 []

<figs/chA/eskf_roll_10.png, id=780, 371.2269pt x 298.9569pt>
File: figs/chA/eskf_roll_10.png Graphic file (type png)
<use figs/chA/eskf_roll_10.png>
Package pdftex.def Info: figs/chA/eskf_roll_10.png  used on input line 84.
(pdftex.def)             Requested size: 256.07481pt x 206.22572pt.

Overfull \hbox (76.82323pt too wide) in paragraph at lines 85--85
[] [] 
 []

<figs/chA/eskf_pitch_10.png, id=781, 371.2269pt x 298.9569pt>
File: figs/chA/eskf_pitch_10.png Graphic file (type png)
<use figs/chA/eskf_pitch_10.png>
Package pdftex.def Info: figs/chA/eskf_pitch_10.png  used on input line 90.
(pdftex.def)             Requested size: 256.07481pt x 206.22572pt.

Overfull \hbox (76.82323pt too wide) in paragraph at lines 91--91
[] [] 
 []

<figs/chA/vs_roll_10.png, id=782, 371.2269pt x 298.9569pt>
File: figs/chA/vs_roll_10.png Graphic file (type png)
<use figs/chA/vs_roll_10.png>
Package pdftex.def Info: figs/chA/vs_roll_10.png  used on input line 102.
(pdftex.def)             Requested size: 256.07481pt x 206.22572pt.

Overfull \hbox (76.82323pt too wide) in paragraph at lines 103--103
[] [] 
 []

<figs/chA/vs_pitch_10.png, id=783, 371.2269pt x 298.9569pt>
File: figs/chA/vs_pitch_10.png Graphic file (type png)
<use figs/chA/vs_pitch_10.png>
Package pdftex.def Info: figs/chA/vs_pitch_10.png  used on input line 108.
(pdftex.def)             Requested size: 256.07481pt x 206.22572pt.

Overfull \hbox (76.82323pt too wide) in paragraph at lines 109--109
[] [] 
 []



[73 <./figs/chA/kf_roll_10.png (PNG copy)> <./figs/chA/kf_pitch_10.png (PNG cop
y)> <./figs/chA/eskf_roll_10.png (PNG copy)> <./figs/chA/eskf_pitch_10.png (PNG
 copy)>]
<figs/chA/kf_roll_5.png, id=792, 367.6134pt x 298.9569pt>
File: figs/chA/kf_roll_5.png Graphic file (type png)
<use figs/chA/kf_roll_5.png>
Package pdftex.def Info: figs/chA/kf_roll_5.png  used on input line 124.
(pdftex.def)             Requested size: 256.07481pt x 208.25568pt.

Overfull \hbox (76.82323pt too wide) in paragraph at lines 125--125
[] [] 
 []

<figs/chA/kf_pitch_5.png, id=793, 371.2269pt x 298.9569pt>
File: figs/chA/kf_pitch_5.png Graphic file (type png)
<use figs/chA/kf_pitch_5.png>
Package pdftex.def Info: figs/chA/kf_pitch_5.png  used on input line 130.
(pdftex.def)             Requested size: 256.07481pt x 206.22572pt.

Overfull \hbox (76.82323pt too wide) in paragraph at lines 131--131
[] [] 
 []

<figs/chA/eskf_roll_5.png, id=794, 367.6134pt x 298.9569pt>
File: figs/chA/eskf_roll_5.png Graphic file (type png)
<use figs/chA/eskf_roll_5.png>
Package pdftex.def Info: figs/chA/eskf_roll_5.png  used on input line 142.
(pdftex.def)             Requested size: 256.07481pt x 208.25568pt.

Overfull \hbox (76.82323pt too wide) in paragraph at lines 143--143
[] [] 
 []

<figs/chA/eskf_pitch_5.png, id=795, 371.2269pt x 298.9569pt>
File: figs/chA/eskf_pitch_5.png Graphic file (type png)
<use figs/chA/eskf_pitch_5.png>
Package pdftex.def Info: figs/chA/eskf_pitch_5.png  used on input line 148.
(pdftex.def)             Requested size: 256.07481pt x 206.22572pt.

Overfull \hbox (76.82323pt too wide) in paragraph at lines 149--149
[] [] 
 []



[74 <./figs/chA/vs_roll_10.png (PNG copy)> <./figs/chA/vs_pitch_10.png (PNG cop
y)> <./figs/chA/kf_roll_5.png (PNG copy)> <./figs/chA/kf_pitch_5.png (PNG copy)
>]
<figs/chA/vs_roll_5.png, id=803, 367.6134pt x 298.9569pt>
File: figs/chA/vs_roll_5.png Graphic file (type png)
<use figs/chA/vs_roll_5.png>
Package pdftex.def Info: figs/chA/vs_roll_5.png  used on input line 160.
(pdftex.def)             Requested size: 256.07481pt x 208.25568pt.

Overfull \hbox (76.82323pt too wide) in paragraph at lines 161--161
[] [] 
 []

<figs/chA/vs_pitch_5.png, id=804, 371.2269pt x 298.9569pt>
File: figs/chA/vs_pitch_5.png Graphic file (type png)
<use figs/chA/vs_pitch_5.png>
Package pdftex.def Info: figs/chA/vs_pitch_5.png  used on input line 166.
(pdftex.def)             Requested size: 256.07481pt x 206.22572pt.

Overfull \hbox (76.82323pt too wide) in paragraph at lines 167--167
[] [] 
 []

)

[75 <./figs/chA/eskf_roll_5.png (PNG copy)> <./figs/chA/eskf_pitch_5.png (PNG c
opy)> <./figs/chA/vs_roll_5.png (PNG copy)> <./figs/chA/vs_pitch_5.png (PNG cop
y)>]
\openout2 = `B_gitrepo.aux'.

 (./B_gitrepo.tex
Appendix B.
)

[76





]
\openout2 = `C_ethics.aux'.

 (./C_ethics.tex
<pdfs/ethics_report.pdf, id=818, 614.295pt x 794.97pt>
File: pdfs/ethics_report.pdf Graphic file (type pdf)
<use pdfs/ethics_report.pdf>
Package pdftex.def Info: pdfs/ethics_report.pdf  used on input line 10.
(pdftex.def)             Requested size: 614.29349pt x 794.96806pt.
<pdfs/ethics_report.pdf, id=820, page=1, 614.295pt x 794.97pt>
File: pdfs/ethics_report.pdf Graphic file (type pdf)
<use pdfs/ethics_report.pdf, page 1>
Package pdftex.def Info: pdfs/ethics_report.pdf , page1 used on input line 10.
(pdftex.def)             Requested size: 614.29349pt x 794.96806pt.
File: pdfs/ethics_report.pdf Graphic file (type pdf)
<use pdfs/ethics_report.pdf, page 1>
Package pdftex.def Info: pdfs/ethics_report.pdf , page1 used on input line 10.
(pdftex.def)             Requested size: 597.78697pt x 773.60669pt.


[77





]
File: pdfs/ethics_report.pdf Graphic file (type pdf)
<use pdfs/ethics_report.pdf, page 1>
Package pdftex.def Info: pdfs/ethics_report.pdf , page1 used on input line 10.
(pdftex.def)             Requested size: 597.78697pt x 773.60669pt.
File: pdfs/ethics_report.pdf Graphic file (type pdf)
<use pdfs/ethics_report.pdf, page 1>
Package pdftex.def Info: pdfs/ethics_report.pdf , page1 used on input line 10.
(pdftex.def)             Requested size: 597.78697pt x 773.60669pt.


File: pdfs/ethics_report.pdf Graphic file (type pdf)
<use pdfs/ethics_report.pdf, page 1>
Package pdftex.def Info: pdfs/ethics_report.pdf , page1 used on input line 10.
(pdftex.def)             Requested size: 597.78697pt x 773.60669pt.
[78

 <./pdfs/ethics_report.pdf>])

LaTeX Warning: Empty bibliography on input line 259.


enddocument/afterlastpage (AED): lastpage setting LastPage.
(build/check_0_main_2.aux (build/0_documentproperties.aux)
(build/0_titlepage.aux) (build/i_declaration.aux) (build/ii_abstract.aux)
(build/iii_acknowledgments.aux) (build/1_intro.aux) (build/2_review.aux)
(build/3_theory.aux) (build/4_data.aux) (build/5_characterisation.aux)
(build/6_pipeline.aux) (build/7_results.aux) (build/8_discussion.aux)
(build/9_conclusion.aux) (build/A_appendix.aux) (build/B_gitrepo.aux)
(build/C_ethics.aux))
 ***********
LaTeX2e <2025-06-01> patch level 1
L3 programming layer <2025-08-13>
 ***********


LaTeX Warning: There were undefined references.


LaTeX Warning: Label(s) may have changed. Rerun to get cross-references right.


Package rerunfilecheck Warning: File `check_0_main_2.out' has changed.
(rerunfilecheck)                Rerun to get outlines right
(rerunfilecheck)                or use package `bookmark'.

Package rerunfilecheck Info: Checksums for `check_0_main_2.out':
(rerunfilecheck)             Before: <no file>
(rerunfilecheck)             After:  A62245AE349E6A6EA4E574C1FDF8781D;17543.

Package lastpage Warning: Rerun to get the references right on input line 261.


Package biblatex Warning: Please (re)run Biber on the file:
(biblatex)                check_0_main_2
(biblatex)                and rerun LaTeX afterwards.

Package logreq Info: Writing requests to 'check_0_main_2.run.xml'.
\openout1 = `check_0_main_2.run.xml'.

 ) 
Here is how much of TeX's memory you used:
 48445 strings out of 467800
 953658 string characters out of 5436062
 1921345 words of memory out of 5000000
 75861 multiletter control sequences out of 15000+600000
 740302 words of font info for 101 fonts, out of 8000000 for 9000
 1141 hyphenation exceptions out of 8191
 108i,17n,131p,2474b,2457s stack positions out of 10000i,1000n,20000p,200000b,200000s
<c:/texlive/2025/texmf-dist/fonts/type1/public/ebgaramond/EBGaramond-Bold.pfb
><c:/texlive/2025/texmf-dist/fonts/type1/public/ebgaramond/EBGaramond-Italic.pf
b><c:/texlive/2025/texmf-dist/fonts/type1/public/ebgaramond/EBGaramond-Regular.
pfb><c:/texlive/2025/texmf-dist/fonts/type1/public/amsfonts/cm/cmex10.pfb><c:/t
exlive/2025/texmf-dist/fonts/type1/public/amsfonts/cm/cmmi10.pfb><c:/texlive/20
25/texmf-dist/fonts/type1/public/amsfonts/cm/cmmi8.pfb><c:/texlive/2025/texmf-d
ist/fonts/type1/public/amsfonts/cm/cmr10.pfb><c:/texlive/2025/texmf-dist/fonts/
type1/public/amsfonts/cm/cmr8.pfb><c:/texlive/2025/texmf-dist/fonts/type1/publi
c/amsfonts/cm/cmsy10.pfb>
Output written on build/check_0_main_2.pdf (86 pages, 346955138 bytes).
PDF statistics:
 961 PDF objects out of 1000 (max. 8388607)
 678 compressed objects within 7 object streams
 365 named destinations out of 1000 (max. 500000)
 648 words of extra memory for PDF output out of 10000 (max. 10000000)

